﻿Word,Average SER
abbey,4
abbot,1.27
abduct,4.1
able,1.73
aboard,2.27
abode,3.2
abort,3
about,1.2
above,2.91
abreast,2
abroad,4.5
abrupt,3.1
absence,2.82
absent,2.27
absolve,1.91
absorb,3.5
abstract,2.8
absurd,3.55
abuse,3
abyss,5.6
accent,4.27
accept,2.64
access,2.4
accord,2.2
account,2.3
accuse,2.45
ace,2.2
ache,4.82
achieve,3.36
acid,4.6
acne,5.2
acorn,3.18
acquire,2.2
acre,3.6
act,2.55
action,2.7
active,3.64
actor,2.6
actress,5.2
acute,2.27
ad,1.4
adage,1.3
adapt,2.73
add,2.2
addict,4
address,2.55
adept,1.7
adhere,2.5
adjourn,2.1
adjust,2.45
admire,3
admit,1.6
ado,1.5
adopt,2.7
adore,4.3
adrift,3.18
adult,4
advance,2.1
adverse,1.7
advice,2.45
advise,2.1
afar,2.91
affair,2.73
affect,2.2
afford,2.4
affront,2.2
afloat,3.91
afoot,2.3
afraid,3
after,1.6
again,1.64
against,2
age,2.25
agent,2.8
ago,1.27
agree,1.8
agreed,1.7
ahead,2.6
aid,2.4
aide,1.6
ail,2.1
ailment,3.82
aim,1.27
airport,4.7
aisle,2.67
alarm,5.11
alas,1.3
album,3.64
ale,2.82
alert,3.6
align,2.3
alike,3
alive,3.82
all,1.4
alley,4
allow,2.3
alloy,2
allure,2.3
ally,3.3
almond,4.91
almost,2.4
alms,2.25
aloft,2.36
alone,2.8
along,1.64
aloof,3.2
aloud,2.6
alp,1.82
alpha,1.3
alright,2.91
also,1.27
altar,3.64
alter,2.09
although,1.09
alto,2.09
always,2.1
am,1.5
amaze,3.3
amber,5.5
ambush,3.73
amen,4.73
amend,1.73
amid,2.09
amidst,1.8
amiss,1.9
ammo,3.91
among,1.6
amount,1.73
amuck,3
amuse,3.45
an,1
anchor,5.2
ancient,3.8
and,1
android,2.36
anew,1.55
angel,4.09
anger,4.82
angle,2.9
angry,4
anguish,3.27
ankle,3.27
annals,2.27
annex,1.73
announce,2.4
annoy,3.4
answer,1.9
ant,3.08
ante,1.4
anthem,4.3
anthrax,4
antique,3.6
antsy,4.1
anvil,4.1
anxious,4.27
any,1.3
apart,3.18
ape,4.18
apex,2
appeal,2.73
appear,2.5
applaud,4.64
applause,4.82
apple,4.6
apply,1.6
appoint,2
approach,2.5
approve,2.1
apron,2.91
apse,1.18
apt,1.18
arbor,2.27
arc,2.6
arcade,3.27
arch,2.5
archive,2.64
arctic,5
ardent,2.09
are,1.17
argue,3.2
arise,2.3
ark,2.64
arm,2.5
armor,4.36
armour,3.9
army,4.27
arose,3.1
around,1.9
arouse,4.36
arrange,1.82
array,2.27
arrest,3.36
arrive,2.27
arrow,3.36
arson,4
art,4.09
artist,3
arts,3.4
as,1.25
ascend,2.55
aside,1.8
ask,2
asleep,3.27
aspect,1.82
aspen,3.36
asphalt,4.3
aspire,2.3
ass,3.27
assault,4.9
assert,2.2
assess,2.9
asset,2.09
assign,1.9
assist,2.1
assume,1.5
assure,1.9
asthma,3
astral,1.8
astray,1.7
astute,1.64
at,1
ate,3.27
athlete,4.2
atlas,4.4
atom,2.7
atone,2.55
attach,2.18
attack,4.27
attain,2.2
attempt,2.18
attend,2
attic,4.8
attire,2.91
attract,2.6
auction,3.36
audit,2.2
aunt,3
aura,3.5
author,2
auto,2.36
autumn,6
avail,1.64
avenge,2.45
avert,2.09
avoid,2.6
await,2.18
awake,4.5
award,3.91
aware,2.45
away,1.9
awe,3.36
awesome,3.18
awful,3
awhile,1.8
awkward,3.64
awoke,4.4
awry,1.6
ax,2.82
axe,4.18
axis,2.45
axle,2.18
babble,3.2
babe,2.75
baboon,3.36
baby,5.4
back,2.5
backward,2.45
bacon,5.82
badge,2
bag,1.45
bagel,5
baggage,3.6
bail,2.27
bailiff,1.45
bait,1.91
bake,4.25
balance,2.73
bald,2.75
bale,2.36
balk,2.18
ball,3.27
ballad,3.45
ballast,1.45
ballet,3.4
balloon,5.45
ballot,2.73
balm,2.45
bamboo,4.09
ban,2.91
band,1.73
bandage,4.27
bandit,1.82
bane,1.1
bang,3.55
banish,2.3
banjo,4.36
bank,2.92
bankrupt,2.1
banner,4.09
banquet,4
banshee,4.5
banter,3.36
baptize,4.2
barb,2.3
barber,4.36
bare,3.7
barely,1.45
bargain,3
barge,2.6
bark,4.64
barley,3.4
barn,3.3
barrage,2.82
barrel,2.8
barren,3.45
barter,2
base,2.09
baseball,4.9
basement,4.5
bash,2.67
bashful,3.7
basic,2.3
basil,5.3
basin,2.9
basis,1.64
bask,2.09
basket,2.55
bass,2.64
bastard,3.09
baste,2.5
bat,3.4
batch,3.1
bathe,3.64
bathroom,3.64
baton,3
battle,4.36
batty,2.27
bawl,3.1
bay,2.64
bayou,3.64
bazaar,3.6
be,1.91
beach,3.6
beacon,4.2
bead,1.45
beam,4.8
beanie,3
bear,3.82
beard,4.55
beast,4.36
beat,2.75
beatnik,2.36
beau,2.42
beauty,5.18
beaver,4.18
because,1.36
beck,1.18
become,2.27
bed,4.09
bedlam,2.4
bedroom,4.5
bee,4.27
beech,1
beef,3.67
been,1.09
beer,3.58
beet,3
beetle,3
befall,1.73
before,1.3
beg,2.5
beggar,3.4
begin,2
behalf,2
behave,1.7
behind,2.91
behold,2.73
beige,2.73
being,3.7
belch,2.55
belief,1.9
believe,2.4
bell,3.91
belle,4.27
belly,3.55
belong,2.6
below,2.8
belt,4.27
bench,2.4
bend,3.64
beneath,2.18
benign,3.22
bent,3.45
bequeath,1.3
beret,2.73
berserk,2.73
berth,1.7
beseech,1.8
beside,1.73
best,2
bestow,1.5
bet,2.1
betray,2.91
better,2.18
between,2.82
beware,3.67
beyond,2.6
bias,1.9
bib,1.82
bible,3.1
bid,1.8
bide,1.5
big,2.2
bigot,2.6
bike,3
bile,2.4
bilge,1.83
bill,3
bimbo,3.6
bin,1.82
bind,2.18
binge,2.5
bingo,4.3
birch,2.18
bird,3.6
birthday,5.6
biscuit,3.91
bistro,2.91
bit,2.4
bitch,2.45
bite,3.3
bitter,5.2
bizarre,4
blab,2.91
black,3.91
bladder,4.18
blade,3.4
blah,2.3
blame,2.64
blanch,2.27
bland,3
blank,2.4
blanket,5.18
blare,3.82
blast,4.1
blatant,2.09
blaze,4.6
blazer,3.2
bleach,3.6
bleak,2.7
bleat,3.5
bled,4.4
bleed,4.6
blemish,4.27
blend,3.1
bless,3.55
blew,3
blight,2.3
blimp,3.33
blind,3.33
blinds,2.6
blink,4.25
bliss,3.09
blister,4.91
blithe,2.18
blitz,3.2
blizzard,5.6
bloat,4.09
blob,2.91
block,2.58
blockade,3.82
bloke,2.33
blonde,4.45
blood,4.3
bloom,3.2
blossom,4.2
blot,2.36
blotch,3
blouse,3.18
blow,3.27
blown,3.55
blubber,3.36
blue,3.36
bluff,1.91
blunt,4.36
blur,4.09
blurt,2.91
blush,3.82
boa,4.18
boar,2.73
board,2.64
boast,2.09
boat,3.09
bob,2.17
bode,1.36
body,4.3
bog,2.92
bogus,3
boil,3.09
bold,2.3
bolt,3.27
bomb,3
bona,1
bond,2.36
bondage,4.27
bone,3.36
bonfire,5.2
bonnet,2.3
bonsai,4.6
bonus,2.73
boogie,3.64
book,3.4
bookie,2.36
boom,3.36
boon,1.2
boost,2.1
boot,2.9
booth,1.8
booze,4.64
border,2.4
bore,2.75
bored,2.18
boring,2.7
borne,1.64
borough,3.2
borrow,1.73
bosh,1.55
bosom,4.09
boss,1.6
botch,1.45
both,1.5
bother,2.36
bottle,2.27
bottom,2.6
bough,2
bought,1.4
boulder,4.3
bounce,3.6
bound,2.09
bounty,2.6
bouquet,3.36
bourbon,4.55
bout,1.5
boutique,2.5
bowel,2.64
bowl,3.82
boxer,3.64
boy,4.18
boycott,3.36
bozo,2.45
bra,3.1
brace,2.36
bracelet,3.45
bracket,2.7
brag,2.18
braid,2.55
braise,2.7
bran,3.1
branch,2.6
brand,2
brandy,3.91
brash,2
brass,3
brassiere,4.4
brat,2.55
brave,2.09
brawl,2.82
braze,2.09
breach,2.36
bread,3.2
breadth,1.5
break,3.08
breakfast,5.7
breast,3.75
breath,3.7
breathe,4.36
bred,1.73
breech,2.45
breed,2.1
breeze,4.55
brew,2.18
bribe,2.92
brick,2.6
bridge,1.95
brief,2.1
brig,1.36
brigade,3.6
bright,5.09
brim,1.5
bring,1.2
brink,2.18
brisk,3.45
brisket,5
brittle,3.91
broach,2.73
broad,1.6
brochure,3
broil,2.4
broke,3.27
broker,2.73
bronze,3.45
brooch,1.64
brood,2
brook,3.18
broom,2.36
broth,3.8
brothel,3.18
brother,5
brought,1.18
brow,2.5
browse,1.6
bruise,5.1
brunch,2.64
brunette,4.7
brunt,1.64
brush,2.45
brutal,3.6
brute,2.55
bubble,3
buck,2.4
bucket,2.64
buckle,2.73
bud,2.92
buddy,3.36
budge,2.3
budget,2.27
buff,2.18
buffer,2.4
buffet,4.3
buffoon,2.9
bug,2.9
buggy,2.8
bugle,2.73
build,2.45
building,3.45
built,1.64
bulb,1.91
bulge,3.55
bulk,1.9
bull,3.1
bullet,5.1
bully,3.9
bum,3.82
bummer,2.9
bump,3.3
bun,3.58
bunch,2.58
bundle,2.4
bungee,5.3
bunion,3.9
bunk,2
bunker,3.1
bunt,3.2
buoy,3.27
burden,2.8
bureau,2.55
burger,4.2
burglar,4.4
burl,1.91
burlesque,3.27
burn,4.91
burp,4.73
burr,2.82
burro,2.09
burrow,2.73
burst,3.2
bus,3.8
bush,2.73
bushel,2.73
business,2.2
buss,2
bust,2.45
bustle,3.4
busy,2.2
but,1.27
butch,1.8
butcher,4.27
butler,3.18
butt,3.55
butter,5.1
button,3.6
buy,2.36
buzz,4.64
buzzard,3.82
by,1.5
bye,2.3
bypass,2.27
cab,2.8
cabbage,3.18
cabin,3.36
cable,2.3
caboose,3.7
cache,1.45
cactus,4
caddie,2.73
caddy,3.3
cadet,2.27
cafe,4.27
caffeine,5.3
cage,2.55
calf,3.1
call,2.64
callous,3.73
calm,3.6
calve,2.9
cam,1.27
came,3
camel,5
camp,2.5
campaign,2.64
campus,4.36
can,2.4
canal,2.45
cancel,1.91
cancer,4.2
candid,2.4
candle,4.2
candor,1.73
candy,5.8
cane,2.5
canine,4.64
cannon,3.27
cannot,1.82
canoe,3.2
canon,4.9
canteen,4.5
canvas,3.09
canvass,2.3
cap,1.5
cape,4
caper,1.8
capsule,3.7
captain,3.1
captive,3
capture,3
car,3
carbon,2.8
carcass,5.1
card,3.27
care,2.64
career,2.27
caress,5.2
cargo,3.3
carnage,4.4
carnal,2.89
carol,3.5
carp,2.08
carpet,4.67
carriage,3.5
carrot,4
carry,3.45
cart,2.18
cartel,2
carton,4.3
cartoon,4.1
cartridge,3.18
carve,2.36
cascade,3.64
case,1.8
cash,3.55
cashier,3.2
cashmere,4.33
cask,1.3
casket,4.27
cassette,3.55
cast,1.7
caste,2.27
castle,4.55
castrate,3.36
cat,2.6
catch,3.18
cattle,5.6
caught,2.4
caulk,2
cause,2.08
caution,3
cautious,2.7
cave,3.1
cavern,4.4
cayenne,3.82
cease,1.9
cedar,4.55
ceiling,3.6
celeste,1.45
cell,1.4
cellar,3.45
cello,5.2
cement,3.8
censor,2.45
census,2.5
cent,2.08
center,3.18
central,2.91
certain,1.7
chafe,3.9
chaff,2.6
chain,2.82
chaise,1.5
chalice,2.27
chalk,4.6
challenge,3
chamber,2.27
champ,2.9
chance,1.83
change,2.18
channel,3
chant,3
chap,1.45
chapel,3.82
chaplain,3.09
chapter,2.7
char,2.1
charade,1.73
charcoal,3.64
chard,2.36
charge,2.64
charm,2.3
chart,2
charter,1.91
chartreuse,1.89
chase,2.55
chasm,2.5
chassis,2
chaste,2.08
chat,2.4
chateau,2.7
chauffeur,3.18
cheap,1.4
cheat,2.58
check,2.83
cheddar,4.3
cheek,2.3
cheep,2.5
cheer,4.09
cheese,3.36
cheetah,4.6
chef,3.82
cherish,2.7
cherry,5.1
cherub,1.91
chest,3.42
chew,3.82
chic,1.82
chick,3.6
chicken,4.36
chide,1.91
chief,2.75
child,3
children,5.09
chili,4.36
chill,3.4
chilli,4.09
chime,4
chimney,4.4
chimp,2.8
chin,3.3
chip,4
chirp,3.2
chisel,3.09
chive,2
chlorine,5.45
chock,1.5
choice,1
choir,4.45
choke,4.45
choose,1.73
chop,3.7
chord,2
chore,2.18
chorus,4.9
chose,2.17
chow,2.2
christmas,5.4
chrome,2.4
chronic,3.9
chuck,2.67
chuckle,3.73
chug,4.18
chum,1.91
chump,2
chunk,2.83
church,2.5
churn,2.55
chute,1.64
cider,4.91
cigar,5
cinch,2.64
cinder,3.09
cipher,2.73
circa,1.6
circle,3.8
circuit,2.36
circus,4.09
cite,1.27
city,4.2
civic,2.27
civil,2.9
clack,2.45
clad,1.4
claim,1.3
clam,2.91
clamp,3.2
clan,1.9
clang,4.5
clank,2.5
clap,4.92
clash,4
clasp,2.64
class,1.91
classic,3.64
clatter,3.64
clause,1.7
claw,3.82
clay,2.55
clean,3.09
cleanse,2.73
clear,3.55
clearance,3.1
cleat,3.5
cleavage,5.45
cleave,2.27
clef,1.2
cleft,3.73
clench,3.91
clergy,2.27
cleric,1.82
clerk,1.8
clever,2.6
cliche,3
click,4.09
client,3.4
cliff,5
climate,4.45
climax,3.9
climb,2.2
clinch,2.4
cling,2.45
clingy,3.27
clinic,4
clink,3.5
clip,3
clique,2.27
cloak,2.4
clock,3.42
clod,2.27
clog,2.9
clone,2.75
clop,1.7
close,2.82
closet,3.55
closure,3.1
clot,3
cloth,2.5
clothe,3.73
clothes,3.67
clout,1.8
clove,2.09
clover,3.27
clown,3.5
club,4.18
cluck,3
clue,1.9
clump,2.3
clumsy,3.6
clung,2.1
cluster,3
clutter,3.64
coach,2.33
coal,3.73
coarse,3.4
coast,4
coaster,4
coat,2.9
coax,2.64
cob,1.36
cobalt,3.3
cobbler,2.91
cobra,4.3
cocaine,4.8
cock,3.1
cocktail,4.73
cocky,2.91
cocoa,4.7
cocoon,3.6
cod,2.67
code,2.3
coed,4.36
coffee,5.18
coffin,4.7
coin,2.5
coke,2.73
cola,5.2
cold,3.91
collage,3.9
collapse,3.8
collar,4
collect,2
college,4.8
collide,4.5
cologne,5.5
colon,3
color,4.2
colt,3.36
column,2.6
coma,3.45
comb,3.08
combat,4.09
combine,2.8
come,2.82
comet,5.2
comfort,3.55
comic,2.73
coming,2.4
comma,3.8
command,2.3
commence,2.18
commend,2.3
comment,1.8
commerce,2
commit,3
common,2.7
commune,3.1
commute,2.73
compact,2.7
compare,1.73
compass,3.82
compel,1.8
compete,3.4
compile,2.18
complain,3.82
complaint,2.36
complete,1.8
complex,2.2
comply,1.91
compose,2
compost,3.73
compound,2.2
compress,3.8
compute,2.45
con,1.27
conceal,2.5
concede,2.09
conceive,3.36
concept,2.5
concern,3.1
concert,4.9
conclude,1.7
concrete,3.91
concur,1.6
condemn,3.2
condo,3.73
condom,5.27
condone,2.22
condor,3.2
conduct,3.3
cone,2.09
confer,1.7
confess,2.55
confide,2.8
confine,3
confirm,1.8
conflict,2.7
conform,1.64
confound,2.09
confront,3.6
confuse,2.73
conga,3.6
congress,2.45
conjure,2.27
conk,3
connect,2.6
conquer,4
conquest,3.6
conscience,3.5
consent,2.18
conserve,2
console,3.4
consort,1.91
conspire,2
constant,2.5
construct,2.55
consul,1.73
consult,1.73
consume,3.82
contact,3.9
contain,2.3
contempt,3
contend,2.36
content,2.55
contest,3
context,1.8
contract,2.36
contraire,2.45
contrast,4
control,3.2
convene,1.8
convent,1.82
converge,3.3
converse,3.27
convert,2.27
convey,2
convict,3.45
convince,2.36
convoy,2.2
cook,3.1
cookie,5.09
cool,3.1
coolant,2.7
coon,2.2
coop,2.45
coot,1.45
cop,3.64
cope,2.18
copper,3.36
copy,2.45
coral,4.09
cord,1.9
cordial,2.91
cordon,2
core,2.3
cork,4.1
corn,3.45
corps,1.8
corpse,4.1
corpus,2.27
corral,3.5
correct,1.9
corrupt,3.2
corsage,3.6
corset,4.5
cortex,2.82
cosmic,3.7
cosmos,3.6
cost,2.45
costume,3.73
cosy,5
cottage,3.9
cotton,3.91
couch,3.73
cougar,4.5
cough,4.82
could,1.17
council,2
counsel,1.91
count,2.55
countess,3.5
country,3.27
county,3
coup,1.55
couple,4.45
coupon,2.73
courage,3.1
course,2.33
court,2.36
cousin,3.73
cove,1.91
coven,2.4
cover,2.8
covert,2
covet,2.8
cow,4.27
coward,3
coy,1.82
cozy,5.9
crab,2.5
crack,4.18
crackle,5
cradle,3.9
craft,1.9
cram,3.36
cramp,4.1
crank,3
craps,1.6
crash,4.55
crate,2.3
crater,3.27
crave,3.18
crawl,2.7
craze,3.08
crazy,3.36
cream,3.42
crease,3.55
create,3.36
creature,4.2
credit,2.55
credo,2.18
creed,1.45
creek,3.09
crepe,2.82
crept,3.18
crescent,3.09
crest,1.18
cretin,2
crew,2.3
crib,3.73
crick,2.67
cricket,4.3
crime,2.27
crimson,5.4
cringe,3.8
cripple,3.9
crisis,3.09
crisp,3.33
critic,2.64
critter,3.1
croak,2.6
crock,1.6
crook,1.9
crooked,2.09
croon,3.27
crop,2.4
croquet,3.64
crotch,3.45
crouch,2.82
crow,3.33
crowd,4.18
crown,2.7
crucial,1.9
crude,1.73
cruise,3.91
crumb,4.55
crumble,3.73
crunch,3.9
crusade,3.36
crush,3.9
crust,2.8
crutch,3.8
cry,3.91
crypt,2.3
cryptic,2.82
crystal,4.7
cub,2.27
cube,2.75
cubic,2.9
cuckoo,3.6
cud,1.9
cuddle,5.3
cue,3
cuff,2.82
cuisine,3.82
culprit,2.55
cult,2
culture,2.45
cunning,2.73
cup,2.1
curb,3.2
curd,2.58
cure,2.5
curfew,2.44
current,2.55
curry,5.3
curse,3.09
curt,1.2
curtain,3.64
curtsy,3.18
curve,3.4
cushion,4
cusp,2
custard,4.4
custom,2.3
cut,3.08
cute,3.73
cycle,2.64
cynic,2.73
cyst,2.8
czar,1.82
dab,2.7
dabble,2.82
dad,4
daddy,4.8
daft,2
dagger,3.73
dainty,3
dairy,4
daisy,3.56
dale,1.55
dam,2.58
damage,3.91
dame,2.17
damn,1.73
damp,2.5
damsel,4.4
dandruff,4.89
dandy,2.1
danger,3.4
dangle,3.6
dank,2.36
dapper,3.2
dare,1.73
dark,3.73
darling,4.18
darn,1.45
dart,3.55
dash,2
data,2.73
date,3.73
daughter,3.1
daunt,1.7
dawdle,2.1
day,2.6
days,2.09
daze,3
dazzle,4.6
deacon,2.27
dead,3.8
deadline,2.7
deaf,2.73
deal,2.64
dealer,3.2
dealt,1.73
dean,1.7
dear,2.33
dearth,1.55
death,3.8
debate,2.4
debris,3.5
debt,2
debut,1.55
decade,2
decaf,2.36
decay,3.91
deceit,2.55
deceive,2.73
decent,1.82
decide,2.1
deck,3.36
declare,2.27
decline,3
decor,3.8
decoy,2.36
decrease,1.73
decree,2.73
deduce,1.73
deduct,1.91
deed,2.42
deem,1.6
deep,3.1
default,1.7
defeat,3.45
defect,2.18
defence,2.8
defend,2.45
defense,2.91
defer,1.91
define,2.18
deflect,2.9
defuse,2.91
defy,3.55
degrade,2.91
degree,2.45
delay,2.09
delete,3.2
delight,3.6
dell,1.6
deluxe,2.5
demand,2.91
demise,2.36
demon,3.8
den,2
denim,3.82
denounce,2.64
dense,3.9
dental,4.27
dentist,4.8
depart,3.64
depict,2.5
deploy,2.8
deport,2
depot,1.64
depress,4.09
deprive,2.6
depth,1.73
derby,2.73
derive,1.4
descend,3.2
descent,3
describe,2
desert,4.7
deserve,1.73
design,2.8
desire,4.73
desist,1.9
desk,2.67
despair,3.1
despise,2.73
despite,1.7
dessert,5
destroy,3.6
destruct,4.73
detach,2.6
detail,1.9
detain,2.1
detect,2
detest,2.55
detour,2.9
detox,2.3
deuce,1.75
device,2.45
devil,4.55
devise,1.8
devoid,2.09
devote,2.91
devour,4.18
devout,3.36
dew,3.58
diaper,4.18
dice,1.82
dictate,2.18
did,1.3
die,4.27
diesel,3.5
diet,4.73
differ,1.64
diffuse,2.36
dig,3
digest,3.9
digit,3.3
dike,3
dildo,4.6
dill,3
dim,2.09
dime,1.8
din,1.64
dine,2.1
diner,4.64
dinghy,3.55
dinky,2.1
dinner,5.27
dip,3.64
dire,1.82
direct,2
dirge,2
dirt,2.1
dirty,5.09
discard,2.3
disclose,1.8
disco,5.4
discord,1.6
discount,1.7
discreet,2.4
discuss,2.36
disdain,2.36
disease,5.4
disgrace,2.9
disgust,4.27
dish,3.55
dismal,3.36
dismiss,2.3
dispatch,2.9
dispense,2.2
disperse,3.4
display,2.4
dispose,2.3
dispute,2.8
disrupt,3
dissect,5
dissent,2.2
dissolve,3.73
dissuade,2.09
distant,3.1
distinct,2.3
distract,3
distress,4.18
district,2.82
disturb,2.91
ditch,2.42
ditto,2.09
ditty,2.55
dive,2.6
diverse,1.82
divert,2.2
divide,2.64
divine,2.5
divorce,2.82
divulge,2.27
dizzy,4.91
do,1.5
docile,2.64
dock,2.6
docket,1.73
doctor,4
doctrine,2.36
dodge,2.7
does,1.09
dog,3.9
doing,1.91
dole,1.1
doll,2.91
dollar,4.18
dolphin,2.91
dolt,1.3
domain,1.36
dome,4
don,1.4
donate,3
done,1.5
donkey,3.8
donor,1.82
donut,4.27
doodle,4.3
doom,2.64
doozy,2.18
dope,1.7
dorm,4.64
dormant,2.55
dorsal,2.4
dosage,3.6
dose,1.36
dote,1.64
double,2.2
doubt,1.91
douche,2.73
dough,3.27
doughnut,5.18
dour,1.64
douse,2
dove,4.18
down,2.45
downtown,4.1
dowry,2.18
dowse,2.45
doze,2.36
dozen,2.27
drab,2.27
draft,3.25
drag,3.17
dragon,5.7
drain,2.09
drake,1.2
drama,4.6
drank,3.67
drape,2.18
drastic,2.55
draught,1.7
draw,2.73
drawer,3.91
drawing,3
drawl,3
dread,2.3
dream,3.3
dreamt,2.82
dreary,3.91
dredge,2
drench,3.5
dress,3.27
dresser,2.45
drew,2.1
dribble,3.22
drift,2.91
drifter,2.64
drill,3.09
drink,5.09
drip,3.58
drive,4.18
drivel,2.91
droll,1.9
drone,2.3
droop,2.5
drop,2.5
drought,3
drove,2.92
drown,3.18
drowse,2.82
drowsy,4.7
drug,2.82
drum,4.73
drunk,4.18
druthers,1.6
dry,3.8
dryer,4.09
dual,2
dub,2.42
duck,3.27
duct,2.45
dud,2.5
dude,2.64
due,2
duel,3
duffel,3.2
dug,2.4
duke,2.8
dull,1.64
duly,1.6
dumb,1.64
dummy,3.3
dump,3.55
dumpster,4.55
dunce,1.5
dune,3
dung,3.09
dunk,3.33
dupe,1.36
duress,2
during,1.6
dusk,2.73
dust,2.45
duty,2.3
dwarf,1.73
dwell,1.7
dye,2.58
each,1.1
eager,3.09
eagle,3.9
ear,3
earl,1.18
early,2.8
earn,1.82
earnest,2.64
earring,3.3
earth,3
ease,2.5
easy,2.4
eat,4.64
ebb,1.91
echo,3.7
eclipse,5.4
edge,3.36
edit,1.45
eerie,4.9
effect,1.8
effort,3
eight,1.64
either,1.6
eject,3.6
eke,2.2
elbow,3.3
elect,2.3
elf,2.64
elite,2.2
elk,2.45
else,1.5
elves,2.42
email,2.8
embark,3.6
emblem,2.1
embrace,4.7
emerge,3.45
empire,3.27
employ,3.2
empty,2.91
encore,3
end,2.45
endorse,2.27
endure,3.6
enforce,2.4
engage,3.18
engine,2.9
enhance,2.73
enjoy,3.6
enlist,2
enough,2.3
enroll,2.5
ensign,2.4
ensure,2.7
enter,2.73
entice,3.3
entire,1.45
entrails,2.82
entrance,2.4
entree,5
entry,3.1
envoy,1.7
envy,3.36
enzyme,2.9
epic,3.2
equal,1.91
era,3
erase,3.18
erect,4
ergo,2.3
ermine,1.33
errand,2.3
error,2.36
escape,3.18
escort,3.09
escrow,1.44
essay,2.45
essence,3.5
estate,2.36
esteem,2.27
etch,1.82
ether,3
ethic,2.27
ethics,2.3
ethnic,2.73
evade,2.55
eve,2.09
even,1.36
ever,2.1
every,1.6
evict,3.27
evolve,3.4
exam,5.6
exceed,3.55
excel,2.73
except,2
excess,3
exchange,2.36
excite,4.27
exclude,2.36
excuse,2.18
exempt,1.9
exert,3.3
exhale,4
exhaust,4.82
exile,2.8
exist,1.7
exit,4.4
expand,3.3
expect,1.2
expel,2.5
expense,2
expert,2.18
expire,3
explain,2.82
explode,5.2
exploit,2.91
explore,3.36
export,2.09
expose,2.82
express,2.3
extend,2.91
extent,2
extinct,3.2
extort,2
extra,3.1
extract,3.18
extreme,2.82
eye,4
fabric,4.78
facade,2.8
face,3.09
facial,3.6
fact,2
faction,1.8
factor,1.91
fad,1.55
fade,1.82
fag,2.73
fail,3.27
failure,4.18
faint,3.3
fair,2.3
fairy,3.5
faith,2.4
fake,2.1
falcon,3.55
fall,3.25
fallow,1.5
false ,2
fame,2.2
famine,4.73
famous,2.73
fan,2.82
fancy,3.45
fanfare,4.2
fang,3.82
far,2.6
farce,2.09
farewell,3.6
farm,4.25
farmer,4.18
farther,3.1
fashion,3.3
fast,2.6
fat,4
fatal,3.5
fate,1.64
father,3.82
fathom,2.91
fatigue,5.09
faucet,3.09
fault,1.6
fauna,2.91
favor,3.3
fawn,1.8
fear,3.55
feast,3.6
feather,3.91
feature,1.91
fecal,4.2
feces,4.3
fed,3.1
fee,2.64
feeble,2.82
feed,2.2
feel,3.36
feeling,4.2
feet,3.55
feign,1.73
feline,3.4
fell,2.91
fellow,2.73
felon,2.4
felt,2.55
female,4.9
femme,2.82
femur,4
fence,2.18
fend,1.7
fender,3.36
fennel,3.91
fern,2.09
ferret,3.73
ferry,2.91
fertile,3.18
fester,4.09
festive,4.1
fetal,3
fetch,2.3
fetish,2.8
fetus,4
feud,2
fever,4.9
few,1.55
fib,2.36
fiber,3
fibre,1.82
fickle,2
fiction,2.8
fiddle,4.3
fiend,2
fierce,2.73
fife,2.3
fifth,2.36
fig,4
fight,3.3
figment,2.45
figure,2.55
file,2.36
fill,1.64
film,3.36
filth,3.55
fin,2.27
final,2.8
finance,2.3
finch,2
find,1.5
fine,2
finesse,3.09
finger,4.8
finish,4.82
finite,1.64
fir,2.18
firm,2.45
first,1.92
fiscal,2.1
fish,2.91
fist,3.3
fit,3.27
fitness,4.7
five,1.5
fix,2
fixture,2.3
fizz,3
flagrant,3.55
flail,2.73
flair,2.91
flak,1.5
flake,3.27
flank,3
flannel,5.2
flap,3.1
flare,2.55
flash,4.18
flask,2.2
flat,2.64
flaunt,2.73
flavor,4.09
flaw,1.73
flax,2.3
flea,3.73
fleck,2
fled,2.09
flee,2.8
fleece,4.27
fleet,2.2
flesh,3.1
flew,2.73
flex,3.82
flick,2.27
flier,3.09
flight,3.91
flimsy,3.73
flinch,3.8
fling,3.58
flint,2.91
flip,3.7
flirt,3.92
float,3.82
flock,2.9
flog,2
flood,3.4
floozy,2
flop,3.36
floss,3.55
flounce,2.73
flour,3.2
flourish,3.82
flow,3.8
flower,5.3
flown,2.6
flu,3.4
flub,2.18
fluent,3.9
fluff,3.92
fluid,5.1
fluke,2.27
flume,2.09
flung,2
flunk,2.73
flush,3.5
flute,3.64
flutter,4.4
flux,2.3
fly,3.4
flyer,3.6
foal,1.5
foam,3.82
focus,4.45
fog,3.7
fold,2.8
folder,2.9
folk,3.33
follow,2.27
folly,1.5
fond,2.09
fondue,4.7
font,1.73
food,4.18
fool,2.64
foot,2.9
footage,3.09
football,5.27
for,1
forbid,2.6
force,3.5
ford,1.3
fore,1.6
forego,1.7
forehead,3.4
foreign,2.55
forest,4.7
forfeit,2.9
forge,1.91
forget,2.09
forgive,2.55
forgot,2.36
fork,3
form,2.45
formal,3.3
format,2.1
former,1.7
forsake,2.2
fort,2.92
forte,3.1
forth,2.33
fortress,3.3
fortune,3.73
forum,2.4
forward,2
fossil,3.45
fought,2.25
foul,3.5
found,1.18
fountain,5.6
four,2.36
foyer,3.1
fraction,2
fracture,5.1
fragile,3.9
fragment,3.09
frail,2
frame,2.33
franc,1.09
frank,1.83
frantic,3.73
fraud,1.73
fraught,1.73
fray,1.7
frays,3.17
freak,2.7
freckle,3
free,3.2
freebie,2.09
freedom,3.4
freeze,4.55
frenzy,4.09
fret,3.18
friction,4.4
friend,3.1
friendship,3.91
fright,3.45
frigid,4.18
frill,1.73
fringe,2.6
frisk,2.7
frisky,3.36
fritz,2.33
frizz,2.9
frock,2.09
frog,3.64
frolic,3.36
from,1.2
front,2
frontier,3.2
frost,4.45
froth,2.36
frown,3.1
froze,3.4
frozen,5.1
fruit,3.6
fry,2.45
fudge,4.7
fugue,1.82
fulfill,3.1
full,3.17
fumble,3.6
fume,2.55
fun,3.7
function,1.5
fund,2.55
fungus,4.6
funk,4
funnel,2.73
funny,4.6
furlough,1.18
furnace,3.73
furnish,2.7
further,1.6
fury,3.7
fuse,3.36
fusion,4.1
futile,2.91
futon,3.36
future,3.5
fuzz,3.3
gab,2.64
gable,1.36
gadget,2.5
gag,3.73
gain,1.36
gait,2.73
gala,4.7
gale,1.7
gall,1.73
gallant,2.9
galley,2.18
gallon,4.2
gallop,4.9
gallows,3.18
galore,2.5
gamble,3.27
game,2.83
gander,2.6
gang,2.2
gangrene,3.09
gangster,4.4
gap,2.4
gape,2.82
garage,4.8
garb,2.33
garbage,3.82
garden,3.45
gargle,3.1
garland,3.2
garlic,6.56
garment,3.3
garnish,4.3
garter,2.6
gas,4
gash,4.18
gasket,1.9
gasp,4.09
gate,3.82
gather,2.27
gator,4.27
gauche,2.1
gauge,2.45
gaunt,2.18
gauntlet,3.18
gauze,3.9
gave,2.2
gavel,3
gawk,3.5
gay,3.3
gays,2
gaze,3.1
gazelle,4.18
gazette,2
gear,3.09
geese,4.09
geezer,3
gem,2.9
gender,3.18
gene,1.91
genie,3.55
genius,3.27
genome,1.82
genre,2.36
gent,2.09
genteel,1.64
gentile,1.67
gentle,2.82
gentry,1.36
gerbil,3.18
germ,2.9
gesture,2.36
get,1.2
getting,2.4
ghetto,4.5
ghost,2.92
ghoul,2.75
giddy,3.4
gift,3.09
gig,2.09
giggle,3.82
gill,2.45
gilt,1.73
gimmick,2.2
gin,2.2
ginger,5.4
giraffe,5.4
girdle,2.55
girl,2.8
girth,1.8
gist,1.36
give,2.5
gizmo,2.9
glacier,4.5
glad,2.18
glade,2.5
glamour,4
glance,2.64
gland,2.18
glare,4.55
glass,2.73
glaze,3.73
gleam,2.91
glee,3.64
glen,1.73
glib,1.8
glide,3.67
glimmer,4.2
glimpse,2.64
glint,3.2
glitter,4.18
gloat,2.58
glob,3.64
globe,2.5
gloom,3.18
glory,3.55
gloss,3.17
glove,4.1
glow,3.55
glucose,3.3
glue,3.4
glum,1.91
glut,2.3
glutton,4
gnarly,4.1
gnash,3.8
gnat,3
gnaw,2.8
gnome,1.91
go,2
goal,3.3
goalie,3.36
goat,3.3
goatee,4.09
gob,1.91
gobble,3.55
goblin,3.09
god,2.8
goddess,4
goggle,3.9
going,1.6
gold,2.92
golf,3
golly,2.2
gone,1.8
gong,3.36
gonna,1.8
goo,2.91
good,2.17
goof,2.6
goose,3.09
gopher,3.6
gore,2.91
gorge,3.64
gorgeous,5
gosh,2.17
gospel,3
gossip,3.55
got,1.18
gouge,2.73
goulash,4.09
gourd,2.09
gourmet,4.55
govern,2.5
gown,2.45
grab,3.08
grace,2.45
grade,1.8
graft,1.6
grail,2.27
grain,2.3
grammar,2.5
grand,2.3
grandeur,2.3
granite,3.5
grant,1.7
grape,4.55
graph,2.4
graphic,3.64
grasp,2.8
grass,4.08
grate,3.55
grateful,2.55
grave,4.45
gravel,4.6
gravy,5.8
gray,2.64
graze,1.91
great,1.4
greed,2.27
greet,3
grew,1.82
grid,2.1
grief,3.1
grievance,2.82
grieve,3.73
grievous,2.18
grill,2.73
grim,2.45
grime,2.36
grin,4.2
grind,3.64
grip,3.27
gripe,1.6
grisly,3.2
grit,3.09
grits,2.5
grizzly,4.27
groan,4.1
groggy,4.8
groin,2.9
groom,3.82
groove,3.09
groovy,3.91
grope,2.8
gross,3.36
grotesque,5.1
grotto,3.64
grouch,2.2
ground,2.4
grouse,1.36
grove,2.5
grovel,2.27
grow,2.6
growl,4.17
grub,3.5
grudge,1.3
gruff,2.36
grunt,3.5
guard,2.64
guess,2.33
guest,1.9
guidance,2.45
guide,1.09
guild,1.75
guile,1.7
guilt,3.36
guise,1.8
guitar,4.73
gulf,3.4
gull,2.42
gully,2.2
gulp,4.4
gum,3.92
gumbo,5
gun,3.36
gurney,2.36
guru,3.2
gush,4.5
gusto,2.4
gut,3.5
gutter,3.73
guy,3.36
gym,3.55
gymnast,4.64
gyp,1.4
gypsy,3.45
habit,2.3
hack,3.91
had,1.5
hag,2.4
haggard,2.91
haggle,2.91
hail,2
hair,3.5
hairdo,3.64
hale,2.2
half,2
hall,3.55
hallway,3.55
halo,3.09
halve,1.8
ham,3.1
hammer,3.36
hammock,4.7
hamper,2.8
hamster,5.6
handle,2.2
handy,2.3
hang,2.45
hangar,2.3
hanger,3.3
hank,1.6
hanky,2.82
happen,1.7
happy,4.09
harass,3.3
harbor,4.5
hardy,2.82
harem,3
hark,1.55
harlot,2.44
harm,1.5
harness,2.7
harpoon,2.82
harsh,2.08
hart,1.4
harvest,3.1
has,1.25
hash,2.18
hassle,2.7
haste,2
hat,2.91
hatch,2.45
hatchet,2.91
hate,2
hath,1.36
haul,2
haunt,2.8
have,1.64
haven,2.7
havoc,3.36
hawk,3
hazard,4.5
haze,3.09
hazel,4.5
he,1.4
head,3.82
heal,2.45
health,1.8
heap,2.91
hear,4.2
heard,2.18
hearse,2.7
heart,3.91
hearth,1.73
heat,3.36
heath,2.09
heathen,2.6
heave,3.27
heaven,4
heavy,4.91
hectic,4.27
hedge,2.64
heed,1.92
heel,2.8
heft,1.6
heifer,2.5
height,1.82
heinous,3.18
heir,1.91
heiress,2.64
heirloom,2.55
heist,2.36
held,2.1
hell,2.55
hello,3.36
helm,1.5
helmet,4
help,1.64
hem,1.6
hemlock,2.64
hemp,1.73
hen,2
hence,1
herald,1.9
herb,3.18
herd,2.5
here,2
heresy,2.6
hermit,3
herpes,4
herring,2.18
hertz,1
hex,2.83
hiccup,4.73
hick,1.73
hickey,4.6
hid,1.73
hide,2.3
hijack,5.18
hike,2.9
hill,2.5
hilt,2.09
him,2.55
hind,1.8
hinge,2.2
hint,1.91
hip,4.18
hippie,4.64
hippo,5.1
hippy,4.6
hire,1.45
his,1.8
hiss,3.33
hit,2.4
hitch,1.64
hither,1.5
hive,2.8
hives,4.45
hoard,2
hoarse,2.27
hoax,2
hobby,3.5
hobo,3
hock,2
hockey,4.6
hoe,3.91
hoes,2.27
hog,3.33
hoist,2.1
hokey,1.9
hold,2.08
hole,1.91
holler,3.45
holster,2.45
holy,4
homage,2.3
home,4
homely,3.6
hone,2.1
honest,3.36
honey,5
honk,3.45
honor,3.1
hood,2.92
hoodlum,3.73
hoof,2.18
hook,3.25
hooky,4.1
hoop,3.17
hoopla,1.73
hooray,2.9
hoot,3.27
hooves,3.5
hop,3.27
hope,1.7
horde,3.09
hormone,2.82
horn,4.42
hornet,4.9
horrid,3.7
horror,4.18
host,1.64
hostage,3.9
hostel,3.91
hostess,2.4
hostile,3.4
hot,3.82
hotel,4.1
hound,2.6
hour,1.91
hove,1.27
hover,2.82
howl,3.83
hub,1.73
huddle,4.09
hue,3.18
huff,2.9
hug,4.27
huge,2.75
hula,3.73
hulk,2.9
hull,2.36
hum,4.6
human,4.09
humane,2.82
humble,3
humbug,2
humid,6
humor,4.22
hump,2.73
hunch,3
hundred,2.36
hung,2.42
hunger,5.55
hungry,5.09
hunk,2.73
hunt,3.2
hurdle,3.7
hurl,3.17
hurrah,2.5
hurray,2.67
hurry,4.27
hurt,3
husband,3.7
hush,2.58
husk,2.4
hussy,2.18
hustle,3.64
hut,1.27
hutch,1.2
hybrid,2.45
hydrant,5
hygiene,3.18
hymn,2.55
hype,1.4
hyper,4.9
icing,3.82
icon,3.36
ideal,2.27
ides,1.45
idle,2.45
idol,3.4
if,1.09
ignite,5
ignore,2.64
ill,3.18
image,3.5
immense,3.5
immune,2.3
imp,1.91
impact,3.55
impart,1.6
impede,2
implant,2.45
implore,2.8
imply,1.55
import,2.27
impose,2.6
impound,2.27
impress,2.55
imprint,2.09
improve,3
impulse,3.55
in,2
inbred,3.09
incense,5.9
incest,3.1
inch,1.91
include,2
income,2.73
increase,2.45
incur,2.2
indeed,1.55
index,3.1
indict,2.09
induce,2.6
indulge,3.8
inept,2.09
infant,5.2
infect,4.6
infer,1.64
inflict,4.27
inform,2.5
ingrate,1.64
inhale,4.5
inject,3.8
injure,4.3
ink,2.9
inmate,3.1
innate,2.7
input,2.27
inquest,1.64
inquire,1.9
insane,3.91
insect,4.11
insert,2.5
insight,1.7
insist,2.55
inspect,2.18
install,2.5
instance,1.7
instant,1.64
instead,1.82
instinct,2.27
instruct,2.9
insult,3.73
insure,1.64
intact,2.36
intend,1.9
intense,3.27
intent,2.4
intern,2.91
into,1.9
intrigue,2.82
invade,3
invent,2.2
invest,2.27
invite,2.64
invoice,1.9
invoke,1.91
involve,1.5
inward,1.9
irate,3
ire,1.64
iris,5.7
irk,2.18
iron,3.55
is,1
island,4.55
isle,2.1
issue,2
it,1.42
itch,4.3
item,2.09
itself,1.7
jab,3.36
jack,1.55
jackal,2.55
jacket,3.9
jade,2.45
jag,1.82
jaguar,4.7
jail,3
jam,4
jar,3.73
jargon,1.9
jasmine,4.6
jasper,2.27
jaunt,2.73
java,3.8
jaw,3
jay,1.82
jazz,3.5
jealous,3.8
jeans,4.27
jeer,2.7
jell,3.45
jelly,4.5
jerk,1.7
jersey,4.7
jest,2.2
jester,2.9
jet,4.33
jewel,4.09
jibe,1.5
jiffy,2.64
jig,3.1
jiggle,4.36
jingle,4.3
jinx,1.8
job,2.36
jockey,3.64
join,1.73
joint,2.3
jolly,4
jolt,3.73
josh,1.82
jot,3.09
journal,2.09
journey,4.27
jowl,1.7
joy,3.17
judge,2.4
judgment,2.36
judo,4
juggle,3.64
juice,3.3
jumbo,3.64
juncture,2.2
jungle,5.6
junior,2.5
junk,2.09
junket,1.2
jury,2.27
just,1.55
justice,2.7
kaput,2.18
karma,3.18
kazoo,3.82
kebab,4.2
keel,2.27
keen,2.58
keg,2.5
keister,1.5
kelp,3.33
kennel,2.64
keno,1.09
kept,1.2
kernel,3.2
ketchup,4.3
kettle,3.45
key,4
khaki,5.7
kibble,2.33
kidney,2.45
kill,2.82
kiln,2.1
kilt,2
kin,1.64
kind,2.18
king,3.25
kingdom,3.8
kink,3.18
kiss,4.5
kit,1.27
kitchen,3.55
kite,2.17
kitten,4.91
kitty,3.91
kiwi,4
knack,2.42
knave,1.45
knead,3.55
knee,4.27
kneel,2.82
knell,1.64
knelt,3.6
knew,1.36
knight,3.64
knit,2.8
knob,2.5
knock,3.64
knoll,2.4
knot,3.36
know,1.7
knowledge,2.82
knuckle,4.4
kosher,3.5
kraut,1.73
lab,2.5
label,2.27
labor,3.89
lace,2.9
lack,1.3
lackey,1.55
lacrosse,4
lactose,2.45
lad,2.25
ladder,3.7
laden,2.6
ladle,3.4
lady,4.7
lag,2.18
lagoon,3.9
laid,2.64
lain,1.27
lair,1.8
lake,4.64
lamb,3.09
lame,1.4
lament,2.64
lamp,2.73
lance,1.73
land,3.82
lane,2.55
language,2.9
lap,2.73
lapse,1.73
lard,3.58
large,1.8
lark,2.55
larvae,2.8
larynx,4
laser,4.7
lash,3.09
lass,2.1
lasso,2.3
last,1.9
latch,2.36
late,2.5
latent,2
later,1.9
latex,3.8
lathe,2
lather,4.36
latrine,3.91
latter,1.91
laud,1.3
laugh,4.36
launch,3
launder,2.64
laundry,4.5
lava,4.5
lavish,3.82
law,1.73
lawn,3.18
lawyer,3.9
lax,1.92
lay,2.36
layer,3.2
laze,1.6
lazy,4.18
leach,2.75
league,2
leak,2.79
lean,3.6
leap,3.1
leapt,2.9
leary,2.5
lease,1.2
leash,2.92
least,1.1
leather,5.4
leave,1.33
lecture,2.6
led,2.25
ledge,2.2
ledger,1.73
leech,3.6
leer,2.4
leeway,2.7
left,1.7
leg,2.8
legal,2.27
legend,2.73
legion,2.09
leisure,3.4
lemon,4.5
length,1.7
lens,1.9
lent,1.7
leopard,4.6
leper,3.09
lesion,3.4
less,1.45
lesson,2.4
lest,1.2
let,1.4
lethal,4.9
letter,3.6
lettuce,3.82
level,1.91
lever,2.27
lewd,2.73
liar,3.6
libel,1.89
lice,3.09
licence,3
license,3.64
lick,4.8
lid,1.9
lieu,1.45
life,2.82
lift,3
like,1.45
lilac,4.5
lilly,3.55
lilt,1.5
lily,3.27
limb,2.27
limber,3.89
limbo,4.2
lime,4.3
limit,2.3
line,2.5
linen,3.8
linger,2.45
lingo,2
linguist,2.27
lining,2.27
link,1.55
lint,3.2
lion,5
liqueur,3.91
liquid,4
liquor,5.1
lisp,3.58
list,2.27
listen,4.3
lit,3.08
liter,3.2
lithe,1.82
litter,4.8
little,2.9
live,2.45
liver,2.9
lizard,4.36
llama,3.91
load,2.36
loaf,3.18
loan,1.75
loath,3
loathe,2.55
lob,2.3
lobby,3
lobe,3.09
lobster,5
local,2.4
locate,1.7
lock,2.55
locker,3.8
locket,3.7
locust,4.27
lode,1.1
lodge,2.18
loft,2
log,2.75
logic,2.91
logo,3
loin,2.55
lone,2.18
lonesome,3.82
long,2.27
look,3
lookout,2.7
loom,2.45
loon,1.45
loop,1.5
loopy,3.3
loose,2.3
loot,3.36
lord,3.36
lore,2.25
lose,2.45
loss,2.64
lost,3.18
lot,1.36
lotion,4.45
lotto,3
loud,4.18
lounge,2.5
louse,2.09
love,4.82
loyal,2.6
lucid,3.27
luck,1.5
lucky,2.73
lug,3.09
luggage,3.6
lull,2.36
lumbar,2.55
lumber,3.73
lump,2.64
lunar,3.09
lunch,3.82
lung,3.91
lunge,3.64
lupus,3.9
lurch,2.09
lurid,1.91
lurk,3.09
luscious,3.64
lush,2.55
lust,2.82
lute,1.75
lye,1.91
lymph,1.45
lynch,3.7
lynx,2.27
lyre,2.8
lyric,3.9
lyrics,5.1
ma,1.9
mace,2.82
machine,3.5
macho,3.7
mad,2.55
madam,2.91
madame,2.2
made,1.45
maggot,4
magic,4
magnet,4.8
maid,2.36
maiden,3.09
mail,3.27
maim,2.09
maintain,2.2
maize,2
major,2.8
make,1.09
makeup,3.5
male,3
malice,2.8
mall,2.27
malt,2.18
mambo,2.78
mammal,4.18
mammoth,3.73
man,4.09
manage,2.55
mandate,2
mandrake,2.55
mane,3.5
manger,2.3
mango,5
manner,3.2
manor,2.4
mansion,4.4
mantel,2.5
mantle,2.91
mantra,2.82
manure,4.55
many,2.64
map,2.55
maple,4.1
marble,3
march,2.4
margin,2.7
mark,2.83
market,4.4
maroon,5
marquee,2.4
marquis,2
marriage,4.3
marrow,2.82
marry,4.09
marsh,3
mart,1.45
martial,2.9
martyr,2.36
marvel,3.27
mascot,4.7
mash,2.8
mask,2.4
mason,1.9
mass,1.45
massage,4.82
masseuse,4.55
massive,4.09
mast,2.18
master,3.73
mat,1.91
match,3.45
mate,2.64
math,2.73
matrix,2.91
matron,1.9
matter,2
mattress,4.3
mature,2.6
matzo,2.56
maul,4.33
mauve,1.82
maxim,2.1
may,2.1
maybe,2.45
mayhem,4.27
mayor,2.55
maze,3.45
me,2.33
mead,1.5
meadow,5
meager,2.4
meal,3.91
mean,2.45
meant,1.1
measure,2.82
meat,4.2
medal,3.55
meddle,2.8
medic,3.2
medley,3
meek,1.8
meet,1.8
meeting,3.3
mega,2.5
melon,4.27
melt,3.82
member,3
membrane,3.6
memo,2
men,2.6
menace,4
mend,1.6
mental,4
mention,1.9
mentor,3.18
menu,4
meow,5.09
merchant,3
mercy,3
mere,1.08
merge,2.6
meringue,3
merit,2
merry,4.82
mesh,2.83
mess,3.4
message,3.6
met,1.27
metal,3.8
meter,3
methane,3.3
method,1.91
metro,3.82
mew,2.7
mice,2.9
micro,2.09
mid,1.27
middle,3.2
midget,4.7
midnight,4.55
midst,1
miff,1.9
might,1.7
mignon,3.36
mike,1.55
milch,1.36
mild,1.91
mile,2.82
mileage,2.73
milk,5
mill,2
mime,2.64
mimic,2.64
mince,2.8
mind,2.58
mine,2.08
mingle,3
mini,3
minion,2.4
mink,3
minor,2.6
minstrel,2.18
mint,3.83
minus,2
minute,3
mirage,3.6
mirror,3.73
mirth,2
mischief,3.3
misfit,3.82
mishap,2.5
miss,2.55
missile,4.45
mission,3.45
mist,3.8
mistake,3.09
mister,3.1
mistress,2.73
mite,1.9
mitt,2.83
mix,2.82
mixture,3
moan,4.5
moat,1.73
mob,3.27
mobile,2.91
mock,2.5
mode,1.2
model,3.18
modem,2.7
modest,2.09
module,2.1
mogul,1.8
moist,3.82
moisture,4.8
mold,3.91
mole,2.45
molest,3.73
moll,1.1
molten,4.6
moment,3.27
mommy,5.18
monarch,3.45
money,4.8
mongoose,3.1
mongrel,3.27
monk,2.1
monkey,4.09
monsoon,3.9
monster,4.91
montage,4
month,1.5
mooch,1.9
mood,3.09
moon,3.82
moor,1.73
moose,3.7
moot,1.55
mop,2.58
mope,3.17
moral,2.4
morale,2.27
morbid,3.55
morgue,3.1
morn,2.1
morning,5.4
moron,3.36
morphine,3.09
morsel,4.5
mortal,2.27
mortar,3.9
mortgage,2.4
mosey,2.18
mosque,3.64
moss,2.3
most,1.27
motel,4.2
moth,3.64
mother,5.2
motif,1.9
motion,4.3
motive,2.3
motley,2.22
motor,4.6
motto,2
mound,3.27
mount,3
mountain,4.7
mousse,3.55
moustache,4.82
move,2.3
movement,3.09
movie,5.2
mow,2.5
much,1.64
muck,2.7
mucus,5.2
mud,3.4
muff,2
muffin,4.18
mug,3.3
mulch,4.18
mule,1.91
mull,1.58
mullet,4.55
mum,2.1
mumble,3.55
mumbo,1.89
mummy,4.18
mumps,1.9
munch,3.1
munchkin,4
mundane,2.18
mural,2.8
murder,4.5
murk,1.64
murmur,3.27
muscle,5.36
muse,2.73
mush,3.45
music,6
musk,3.45
musket,3.5
muss,2.09
must,2.25
mustache,5
mustard,3.64
muster,2.09
mutant,4.18
mute,3.17
mutt,1.73
mutton,3.8
muzzle,3.73
my,1.73
myself,5.2
mystic,2.82
myth,1.9
nab,2.09
nag,2.25
nail,3.6
naive,2.2
naked,5
name,2.33
nanny,4.3
nap,3.9
napalm,2.3
nape,1.91
napkin,3.2
narrow,2.8
nasal,4.09
nasty,3.36
nation,3.9
native,1.82
nature,5
naught,1.5
naughty,4.4
nauseous,4.91
naval,4.6
navel,3.27
navy,4.1
nay,2.64
near,2.1
neat,2.55
neck,3.2
necklace,4.1
nectar,5.7
need,1.8
needle,4.91
neglect,2.91
neigh,3.1
neighbor,3.3
neither,1.45
neon,4.18
nephew,2.73
nerve,2.82
nervous,4.09
net,3.82
network,2.09
neural,3
neuter,3.45
neutral,1.73
never,2.18
new,1.91
next,1.27
nexus,1.9
nibble,5
nice,2.82
niche,2.33
nick,2
nickel,3.6
niece,2
nigh,1.5
night,4.18
nightmare,5
nil,1.09
nimble,3.6
nine,2.18
ninja,5
ninth,1.4
nip,3.08
nipple,5.5
nitrate,3.1
nitro,3.6
nitrous,3
nix,1.36
no,1.7
noble,3.45
nod,2.5
node,1.82
noggin,3.09
noise,3.73
nomad,3.4
none,1.73
noodle,4.36
nook,2.5
noon,2.73
noose,2.55
nor,1
norm,2.42
normal,2
north,2.75
nose,3.82
nostril,5
not,1.1
notch,2.17
note,2.3
nothing,2.73
notice,2.7
notion,1.64
noun,1.55
novel,3.8
novice,2.09
now,1.4
nowhere,2.5
nub,2.45
nude,3.3
nudge,3.2
nugget,4.1
nuisance,2.5
null,1.9
numb,3.58
number,2.45
nun,2.64
nurse,4.27
nurture,2.73
nut,4
nutmeg,4.9
nylon,2.64
nylons,2.45
nymph,2.7
oaf,1.9
oak,2.1
oar,2.3
oat,3
oath,1.83
obey,2.64
object,2.2
oblige,1.64
obscene,3.4
obscure,2.1
observe,3.7
obsess,2.82
obstruct,3
obtain,2.55
occult,2.09
occur,1.91
ocean,6
odd,2.45
ode,1.91
odor,4
of,1.09
offend,2.73
offense,3.3
offer,2.5
office,3.27
oft,1.55
ogre,4.4
ointment,4.45
okay,2.4
old,2.6
olive,4.5
omelet,4.9
omelette,4.64
omen,3
on,1.18
once,1.2
one,1.55
onion,4.36
only,1.45
onset,1.7
ooze,3.64
opal,2.73
open,2.45
oppose,2.36
opt,1.27
optic,3.45
option,2.6
opus,2.09
or,1
oral,5.64
orb,3.17
orbit,2.45
orchard,4.2
orchid,4
ordeal,2
order,2
ore,1.73
organ,3
orgy,4.27
orphan,4.1
ostrich,4.73
other,2.18
ouch,4
ought,1.45
ounce,2.18
our,1.64
oust,2.18
out,2.3
outfit,5
outlet,2.7
outrage,4
oval,3.18
oven,4.36
over,1.5
owe,1.17
owl,3.45
own,2.27
ox,2.67
oyster,3.64
ozone,4
pa,1.55
pace,2.55
pack,3.2
package,4.2
packet,3.1
pact,1.45
pad,2.83
paddle,3.55
paddy,2.8
pagan,2.9
page,2.42
pageant,2.6
pail,2.2
pain,4.18
paint,4.82
pair,1.82
paisley,2.64
pal,2.55
palace,4.1
palate,2.45
palette,2.91
pall,1.64
palm,2.6
palsy,3
paltry,2.1
pamper,3.09
pamphlet,2.73
pan,2.8
panda,3.5
pane,2.1
panel,2.18
pang,4.1
panic,4.5
pansy,4.27
pant,2.83
panther,4.5
pantry,3.55
pants,3
pap,1
paper,3.82
par,2.17
para,1.6
parade,4.2
parcel,2.55
parchment,3.18
pardon,4
pare,1.64
parent,4.55
parish,3.3
park,2
parka,5.4
parlay,1.91
parlor,3.18
parlour,3.33
parole,2.7
parrot,4.9
parry,1.73
parsley,3.18
part,1.18
partake,2.3
partial,1.7
partner,3.55
partridge,3.2
party,4.8
pass,2.1
passage,3
passion,4.27
passive,2.1
past,2.08
pasta,5.7
paste,3.6
pastor,2.27
pastry,4.36
pasture,4.09
pasty,3.18
pat,1.64
patch,1.91
patent,1.7
path,2.82
patient,2.9
patrol,2.6
patron,2.8
patter,3.09
pattern,3.4
paunch,2.09
pause,2.5
pave,2.8
paw,4
pawn,1.64
pay,2.09
payment,3.27
pea,4.45
peace,2.91
peach,4.18
peacock,4.82
peak,2.91
peal,2.7
peanut,4
pear,3.8
pearl,3.2
peasant,3.5
peat,2.09
pebble,3.64
pecan,3.78
peck,3
pedal,3.6
peddle,3
peek,3
peel,3.5
peep,2.7
peer,2.83
peeve,1.82
peg,2.73
pellet,2.3
pelt,3.27
pelvis,4
pen,4
penal,2.64
penance,1.8
pence,1.67
penchant,1.55
pencil,3.55
pendant,2.7
penguin,5.4
pennant,2.9
pension,1.91
pent,1.3
people,4.64
pep,1.2
pepper,4.73
per,1.27
perceive,2.2
percent,2.2
perch,2.45
perchance,1.55
perfect,2.8
perform,3.18
perfume,4.5
perhaps,1.4
peril,3.27
perish,2.82
perk,2.09
permit,2.82
persist,2.2
person,4.3
persuade,3.2
pert,1.27
perverse,1.6
pervert,3.2
pesky,3.09
pest,3
pestle,2.33
pet,4.27
petal,4.18
petite,3.45
petrol,3.18
petty,2.18
pew,3
phantom,3.55
phase,1.2
pheasant,3.09
phone,4.18
phony,3.9
photon,3.22
phrase,2.27
physics,3.4
physique,5
pick,3.36
picket,2.64
pickle,4.18
pickup,3.3
picnic,4
picture,5.1
piece,3.09
pier,2.27
pierce,4.1
pig,2.5
pigeon,3.8
pigsty,3.73
pike,2.3
pile,2.27
pilgrim,3.45
pill,2.27
pillage,2.64
pillar,2.45
pillow,5.2
pilot,4.22
pimp,2.6
pimple,5.09
pin,2.18
pinch,4
pine,2.4
ping,3.27
pink,3.08
pint,3
pinto,1.9
pious,2.45
pip,1.55
pipe,2.7
pirate,3
pistol,3.7
piston,2.8
pit,2.09
pitch,2.64
pith,1.55
pity,3.6
pixie,3
pizza,4.82
pizzazz,3.27
place,2
placid,3.7
plague,2.83
plaid,1.82
plain,1.64
plaintiff,2.3
plan,1.91
plane,3.27
planet,3.5
plank,3.73
plankton,2.55
plant,2.64
plaque,1.9
plasma,4.2
plastic,4.1
plate,2.6
plateau,2.73
platform,3.45
platoon,2.5
play,3.1
plaza,3.27
plea,3.67
plead,2.73
pleasant,4.09
please,2.1
pleasure,4.73
pleat,1.36
pled,1.9
pledge,2
plenty,2.8
pliers,4.2
plight,2.36
plod,2.33
plop,4.33
plow,2.5
ploy,1.55
pluck,3.8
plug,2.09
plum,3.3
plumb,2.2
plumber,4.6
plume,3.2
plump,2.82
plunder,2.64
plunge,2.7
plunk,2.2
plural,1.18
plus,1.36
plush,2.45
ply,1.2
poach,1.45
pocket,2.5
pod,1.55
poem,4.56
poet,4
pogo,3.2
poignant,2.55
point,3.27
poise,2.45
poison,5
poke,3.1
poker,2.6
polar,4.3
pole,1.64
police,5.1
polish,3.4
polite,3.18
polka,3.27
poll,2.5
pollen,3.73
polo,3.55
pomp,1.8
poncho,4.4
pond,3.5
ponder,3.9
pony,3.8
pooch,3.82
poodle,5
poof,2.73
poop,4.17
poor,2.36
pop,4.64
pope,3.92
poppy,3.91
porch,2.73
pork,2.6
porridge,3.91
port,2.55
portal,3.3
portion,2.6
portrait,4.1
portray,2.73
pose,1.82
posh,2.36
posse,3.3
possess,2.1
possum,3.5
postal,2.55
poster,3.09
posture,3.36
pot,3.82
potent,3.82
potion,4.7
potty,4.4
pouch,2.67
poultry,4.36
pounce,4.09
pound,3.27
pour,3
pout,3.33
powder,3.73
power,4.8
pox,2.09
practice,4.27
prairie,3.8
praise,2.7
prance,2.09
prank,2.45
pray,2.64
prayer,3.33
preach,3.42
precinct,2.09
precious,4.6
precise,3
predict,2.3
preface,2.1
prefer,2
pregnant,3.73
prelude,1.73
premier,2.7
premise,1.7
prepare,2.64
presence,2.18
present,3.1
preserve,2.36
preserves,3.64
press,3.08
pressure,4.6
prestige,3.1
presto,1.8
presume,2.1
pretend,2.64
pretty,4.9
pretzel,5.1
prevail,2.4
prevent,1.7
prey,2.18
price,1.4
prick,4.18
pride,2.7
priest,1.9
prim,2
prima,1.18
primal,3.3
primate,3
prime,1.5
primp,2.27
prince,3.36
princess,4.4
print,2.27
prior,1.55
prism,3
prison,4.2
pristine,4.36
private,2.82
privilege,3.3
privy,2.18
prize,2.2
pro,2.91
probe,2.36
problem,2.6
proceed,2.45
process,2.3
proclaim,2.2
prod,2.5
produce,3.8
product,1.9
profane,3.18
profile,2.45
profit,2.3
profound,2.91
program,2.33
progress,2.36
project,3.2
prom,3.73
promise,2.5
promo,2.36
promote,2.6
prompt,1.73
prone,1.5
prong,1.64
pronounce,2.6
pronto,2.64
proof,2.1
prop,1.55
propane,3.09
proper,2.3
prose,1.6
prospect,1.73
prosper,2.3
prostate,2.8
protect,3.82
protein,3.9
protest,4.2
proud,3.09
prove,1.6
proverb,2.64
provide,2.3
province,2
provoke,3
provost,2.1
prow,1.5
prowess,2.18
prowl,2.82
proxy,2.09
prude,2.3
prudent,2
prune,2.55
pry,2.5
psalm,1.45
psychic,3.45
psycho,4.36
pub,3.08
public,3
publish,2.4
puck,2.5
pudding,6.3
puddle,5.2
pudgy,4.18
puff,3.3
pug,1.8
puke,4.83
pull,2.5
pulp,3.55
pulpit,3.2
pulsar,1.73
pulse,4
pump,3.73
pumpkin,4.73
pun,2
punch,4.55
puncture,4.36
punish,3.82
punk,2.27
punt,2.82
puny,3
pup,3.67
pupil,2.91
puppet,4.8
puppy,5.6
purchase,2.7
pure,2.6
purge,3.73
purple,4.56
purpose,2.8
purr,4.45
purse,3
pursue,4.6
pursuit,3.1
pus,5.1
push,2.4
put,1.3
putrid,4.45
putt,1.09
putty,3.64
puzzle,3.9
pygmy,3.5
pylon,2.4
pyre,1.91
python,3.55
quack,4.6
quad,3.08
quadrant,1.7
quail,1.73
quaint,2.92
quake,4.09
qualm,2.09
quantum,2.18
quarrel,3.7
quarry,3.6
quart,2.42
quarter,4
quartet,3.09
quartz,3.27
quay,1.55
queasy,4.7
queen,3
queer,2.82
quell,2
quench,2.7
query,1.82
quest,2.18
question,3
queue,2.6
quibble,2.27
quick,2
quiet,3.55
quill,2.64
quilt,2.45
quinine,1.82
quip,1.55
quirk,1.91
quit,2.67
quite,1.55
quiz,2.92
quota,1.45
quote,3.45
rabbi,4
rabbit,4.5
rabble,2.18
rabid,3.91
raccoon,4.1
race,3.1
rack,1.91
racket,3.6
racy,3.1
radish,5.11
raffle,2.8
raft,2.5
rag,3.18
rage,2.82
raid,2.83
rail,2.73
rainbow,5.3
raise,2.27
raisin,4
rake,2.3
rally,3.18
ram,3.73
ramble,3
ramp,2.6
rampage,3.27
rampant,2.09
rampart,2.18
ran,3.64
ranch,2.73
random,2
rang,4.36
range,1.7
rank,2.27
ransom,2.8
rant,3.91
rap,3.4
rape,4.1
rapid,3.6
rapids,5.4
rapport,2.18
rapt,1.55
rapture,3.18
rare,1.82
rascal,2.55
rash,3.27
rasp,3.45
rat,2.8
ratchet,3
rate,1.2
rather,1.6
ration,2.9
rattle,3.09
ravage,2.6
rave,4.36
raven,4.27
ravine,3.9
raw,3.7
ray,2
rays,3.2
razor,4.73
reach,2.27
ready,1.8
really,2.27
realm,1.82
ream,1.73
reap,1.8
rear,2.36
reason,1.8
rebel,2.8
reboot,2.4
recall,2.82
recant,1.9
recap,1.9
receipt,4.1
receive,2.36
recent,1.6
recess,3.45
reckon,1.55
recluse,2.4
record,3.4
recourse,2
recruit,3.09
red,4.1
redeem,2.2
reduce,1.5
reed,2.55
reef,2.8
reefer,4.7
reek,4
reel,3
refer,2
reflect,3.6
reflex,3.6
refrain,2.36
refuge,2.27
refund,1.55
refuse,3.27
refute,1.91
regal,3.3
regard,1.91
regent,2.6
reggae,4
regime,2.8
region,1.91
regret,2.5
rehab,3.6
rehearse,3.2
reign,1.73
rein,1.3
reindeer,4.45
reject,3
rejoice,4.18
relapse,3.91
relate,1.56
relay,2.6
release,2.82
relic,2.27
relief,3
relieve,2.6
relish,2.55
rely,2.2
remain,1.82
remark,1.91
remind,1.55
remiss,2
remote,3.3
remove,2.9
rend,2.18
render,1.6
renounce,1.73
rent,1.82
rental,3
repair,2.73
repeat,2.1
repel,3
repent,2.9
replace,2.5
reply,2.27
report,2.9
repose,1.1
reprieve,2.09
reptile,4.45
request,2.18
require,2
rescind,1.36
rescue,3.36
research,2.5
resent,2.1
reserve,2.27
resign,2.27
resin,2.82
resist,2.36
resolve,2.4
resort,3.4
resource,2.3
respect,2.2
respond,2
response,2.2
rest,2.82
restore,2.27
restrain,3.1
restraint,3.3
restrict,2.6
result,2.45
retail,2.1
retain,2.09
retch,3.09
retire,2.09
retract,2.1
retreat,3.8
retrieve,2.1
return,1.9
reuben,2.9
rev,2.4
reveal,3.4
revel,2.55
revenge,4.1
revere,2.1
reverse,4
revert,1.82
review,2.36
revise,1.64
revive,3.45
revoke,2.4
revolt,3.18
revue,1.7
reward,3.6
rhino,4.82
rhubarb,4.5
rhyme,2
rhythm,4.18
rib,2.27
ribbon,3.2
rice,2.82
rich,2.8
rid,1.2
riddle,3
ride,3
ridge,1.6
riffraff,2.27
rift,2.2
rig,1.82
right,2.91
rigor,3.45
rile,2
rim,3.55
rind,1.6
ring,4.2
rink,2.9
rinse,3.2
rip,3.58
ripe,3.8
ripple,3.73
rise,3
risk,2.67
rite,1.1
rival,2.3
river,5.7
roach,4.82
road,2.6
roam,4.1
roar,3.5
roast,4.4
rob,2.33
robe,2.3
robin,4.18
robot,2.82
robust,3.73
rock,3.55
rocket,3.78
rod,2.42
rode,2.82
rodent,3.64
roe,1.27
rogue,2.83
role,1.55
roll,3.17
romance,4.7
romp,3.09
roof,3.55
rook,2.42
rookie,2.82
room,2
roost,1.4
rooster,4.36
root,2.92
rope,2.83
rose,4.73
roster,2.7
rot,4.09
rotate,2.7
rotten,5.6
rouge,2
rough,4.09
roulette,4.7
round,2.91
rout,1.45
route,2.5
routine,2.7
rove,1.3
rowdy,4.2
royal,3.4
rub,2.8
rubber,3.9
rubbish,3.6
rubble,3.36
ruby,3.73
ruckus,2.9
rudder,2.91
rude,2.3
rue,1.2
ruffle,4.4
rug,4.36
rugby,3.64
rugged,4.18
ruin,3.18
rule,1.64
rum,4.73
rumba,3.6
rumble,4.9
rummage,3.09
rummy,2.45
rumor,2.6
rumour,2.9
rump,2.55
run,3.36
rung,2.09
rupture,5.09
rural,3.36
rush,3.2
rust,3.09
rustic,3.45
rustle,3.64
rut,1.9
rye,3.42
saber,2.27
sable,3.2
sack,1.91
sacred,2.91
sad,2.82
saddle,4.36
sadist,2.73
safe,2
saffron,2.82
sag,4
saga,2.55
sage,3.42
said,2.25
sail,3
saint,3.18
sake,1.82
salad,3.82
sale,1.92
saline,3.5
salmon,3.55
salon,3.27
saloon,3.7
salsa,5.7
salt,4
salute,3.64
salvage,2.3
salve,2.42
same,1.58
sample,2
sanction,2.2
sanctum,2.45
sand,3.4
sandwich,5.09
sane,2.18
sang,3.33
sank,3.64
sap,2.91
sapphire,4
sardine,4.6
sash,2.5
sat,2.92
satchel,3.27
satin,3.73
satire,2.45
sauce,4.64
saucer,2.36
sauna,5.6
sausage,4.3
savage,4.45
save,2.1
savior,3.64
savor,4.5
savvy,3.18
saw,2.64
say,2.27
saying,2.2
scab,4.6
scald,3.4
scale,1.82
scalp,4.82
scalpel,4.4
scamp,1.27
scan,1.45
scandal,2.82
scant,2
scar,3.8
scarce,2.18
scare,2.91
scarf,3
scatter,2.73
scene,2.27
scenic,4.1
scepter,1.82
scheme,1.8
scholar,2.7
school,3
schooner,1.82
science,2.45
scissors,4.73
scoff,2.4
scold,2.82
scoop,1.91
scope,3.18
scorch,4.4
score,2
scorn,2.9
scotch,2.2
scoundrel,2.55
scour,2.5
scourge,2.09
scout,1.73
scowl,3.2
scrap,2.75
scrape,3.9
scratch,2.91
scrawl,2.27
scrawny,4.1
scream,4.18
screech,4.3
screen,4.36
screw,2.82
scribble,4.09
scribe,2.56
scrimmage,4.18
script,2.09
scroll,4.27
scrotum,4.09
scrub,3.4
scruff,3.9
scruffy,4.45
scrumptious,4.9
scruples,1.91
scuba,3.64
sculpture,4.9
scum,3.08
scurry,3.5
scurvy,2.6
scuttle,2.9
seal,2.8
seam,2.27
sear,2
search,1.5
season,5
seat,3.18
second,2.6
secret,3
sect,1.27
section,2
sector,1.55
secure,4.09
sedan,2.4
sedate,3
see,2.73
seek,1.55
seem,1.36
seep,1.9
segment,2.4
seismic,2.91
seize,3
seizure,4.9
seldom,2.6
select,3.4
selfish,3
sell,2.09
seltzer,4.44
senate,3.2
send,1.91
senile,3.09
sense,2.7
sensor,2.4
sent,2
sentence,3
sentry,3.5
septic,3.6
sequel,3.09
sequence,2.18
serene,3.8
serf,1.82
sergeant,3.8
series,1.8
sermon,4.18
serpent,4.45
servant,2.5
serve,1.4
service,2.3
session,1.9
set,2.08
settle,2.9
seven,4.3
severe,3.27
sew,3.27
sewage,4
sewer,3.18
sex,4.7
shabby,2.5
shack,3.09
shade,3.7
shadow,4.73
shaft,2.45
shag,3.3
shake,4.55
shale,1.82
shall,1.27
shallow,3.9
sham,1.73
shaman,1.45
shame,2.27
shampoo,4.18
shank,2.92
shape,2.91
share,2.42
shark,3.7
sharp,4.82
shatter,4
shave,3.5
shawl,2.3
she,1.6
shear,2.6
sheath,1.8
sheathe,2
sheave,1.18
shed,3.91
sheen,2.09
sheep,2.5
sheer,2.45
sheet,3.82
sheik,1.6
shelf,1.64
shell,3.67
shelter,4.5
shelve,3.55
sherbet,4.18
sheriff,2.73
shield,1.7
shift,1.83
shill,1.1
shilling,1.22
shimmer,4.9
shin,3.18
shine,3.4
shiner,3
shingle,5.1
ship,2.5
shipment,2.27
shirk,1.55
shirt,4.55
shiver,4.64
shoal,1.55
shock,3.09
shoddy,3
shoe,3.36
shogun,2
shone,2.64
shook,3.18
shoot,5.09
shop,3.91
shore,2.2
short,3.45
shortage,2.9
shot,4.1
should,1.09
shoulder,5.1
shout,3.36
shove,3.92
shovel,3.55
show,2.1
shower,4.36
shrank,2.5
shrapnel,4
shred,2.64
shrew,2.9
shrewd,1.91
shriek,4.8
shrill,3.64
shrimp,2.64
shrine,2.91
shrink,2.8
shroud,1.91
shrub,3.3
shrug,3.7
shrunk,2.3
shuck,1.7
shudder,4.2
shun,2.18
shunt,2.09
shush,3.36
shut,2
shutter,3.73
shuttle,3
shy,2.4
sibling,4.91
sick,3.82
sickle,3.09
side,1.3
siding,1.9
siege,2.36
sieve,1.45
sift,2.18
sigh,3.91
sight,3.55
sign,2
signal,4.1
silent,3.55
silk,2
sill,1.64
silly,2.9
silo,2.09
silt,2.67
silver,3.73
simmer,3.9
simple,1.55
simply,1.7
sin,2.2
since,1.18
sincere,3.1
sing,4.2
singe,3.6
single,2.73
sink,2.75
sinus,4.4
sip,3
sir,2.55
sire,1.55
siren,5.3
sirloin,5.6
sister,5.4
sit,2.2
site,2
six,1.7
size,1.55
sizzle,4.09
skate,3.8
sketch,2.8
skew,1.91
ski,3.27
skid,2.6
skill,2.36
skillet,4.18
skim,2.7
skimp,1.9
skin,3.9
skinny,4.82
skip,1.91
skirmish,3.4
skirt,3.8
skittish,3.45
skulk,2.67
skunk,4.82
sky,3.82
slab,2.45
slack,2.09
slag,1.5
slain,3.27
slam,4.09
slander,3.18
slang,1.9
slant,3.82
slap,3.55
slash,2.8
slat,1.5
slate,3.2
slaughter,4.91
slave,3.4
slaw,1.45
slay,3.09
sled,3
sledge,1.64
sleek,2.83
sleep,4
sleet,4
sleeve,2.92
sleigh,3
sleight,1.36
slept,2.3
sleuth,2
slew,2.1
slice,3
slick,2.55
slid,2.09
slide,2
slight,2
slim,2.09
slime,3.42
sling,2.6
slip,3.64
slogan,2.5
slop,2.6
slope,4
sloth,3.08
slouch,2.64
slow,2
slug,2.8
slum,2.9
slumber,4.1
slump,2.91
slung,1.91
slur,4
slush,3
slut,2.55
sly,2.27
smack,4.82
small,1.8
smart,2.42
smash,3.27
smear,3.4
smell,2.82
smile,4.36
smirk,3.8
smite,2.08
smitten,3.45
smock,1.7
smog,3.91
smooth,4.18
smother,3.82
smudge,3.55
smug,1.92
smuggle,3.18
smut,2
snack,3.5
snafu,2.09
snag,2.83
snail,3.18
snake,4.27
snap,3.55
snare,2.4
snarl,4.27
snatch,3.55
sneak,3.55
sneer,3.91
sneeze,4.4
snide,2.45
sniff,4
snip,2.45
snipe,2.36
snitch,3.09
snob,2.18
snoop,1.8
snooty,2.64
snooze,4
snore,3.92
snorkel,4.82
snort,4.45
snout,3.4
snub,1.55
snuff,2.6
snug,3.18
snuggle,5.9
so,1
soak,3.45
soap,3.2
soar,2.27
sob,4.2
sober,4.18
soccer,3.82
social,3.2
sock,3.2
socket,2.6
sod,2.45
soda,5.1
sofa,4
soft,4.6
soil,3.5
soiree,3.5
solace,2.36
solar,3.9
sold,2.33
soldier,4.73
sole,1.5
solemn,3.18
solid,3.36
solo,3.8
solve,2.58
solvent,2.6
some,1.2
someone,1.82
something,1.18
somewhere,3.45
son,2.36
sonar,3.7
song,4.4
sonic,3.9
sonnet,2.6
soon,1.45
soot,3.1
soothe,2.27
sordid,2.3
sore,4
sorrow,4.09
sorry,3.6
sort,1.36
sough,1.45
sought,1.64
soul,1.45
sound,4.27
soup,3.08
sour,4.75
source,1.45
south,2.09
sovereign,1.9
sow,1.91
soy,3.18
spa,3.91
spade,2.27
span,2.36
spandex,5.2
spaniel,2.91
spank,3.3
spar,2.73
spare,1.36
spark,5
sparkle,4.27
sparrow,2.55
sparse,2.18
spasm,4.91
spastic,3.7
spat,3.5
spatter,3.09
spawn,1.73
speak,2.2
spear,3.6
special,2.45
species,2
speck,2.5
spectral,2.18
spectrum,3.6
sped,3.2
speech,2.64
speed,2.5
spell,2.5
spend,1.64
spent,2.5
sperm,3.83
spew,3.5
sphere,2.4
sphinx,2.09
spider,4.45
spiffy,2.2
spike,4
spill,4.18
spin,3.09
spinach,6.1
spine,3.27
spinster,1.9
spiral,3.6
spire,1.91
spirit,4
spit,4
spite,2.91
splash,3.27
splatter,4.8
splay,2.36
spleen,2.91
splendid,3.1
splendor,2.3
splice,2.73
splint,3.73
split,3.45
splotch,4
splurge,3.36
spoil,2
spoke,2.67
sponge,4.45
spoof,1.6
spook,2.4
spool,1.27
spoon,3.91
spore,1.7
sport,3
spout,1.5
sprain,3.36
sprang,2.9
sprawl,3.33
spray,3.64
spread,2.18
spree,2.6
sprig,1.4
spring,3.36
sprinkle,4.27
sprint,3.27
sprite,3.5
sprout,3
spruce,1.91
sprung,2.55
spry,2.45
spud,2.82
spun,2.27
spunk,2.92
spur,2.67
spurn,1.91
spurt,2.73
spy,3.09
squad,2.58
squadron,3.2
squall,1.2
squander,2.73
square,3.36
squash,3.4
squat,3.67
squaw,1.8
squawk,4.4
squeak,4.09
squeal,4.17
squeamish,3.64
squeeze,3.4
squelch,3.09
squid,4.5
squint,5.1
squire,1.3
squirm,4.2
squirrel,4.18
squirt,4.5
stab,3.45
stable,3
stack,2.4
staff,1.91
stag,2.64
stage,3.18
stagger,3.64
stain,2.36
stair,3.18
stake,2.1
stalk,2.1
stall,2.91
stamp,2.45
stampede,4.3
stance,2.5
stanch,1.6
stand,2.8
standard,2.2
stank,3.5
staple,2.6
stapler,3.5
star,2.8
starch,1.9
stardom,3.3
stardust,2.6
stare,3.09
stark,2.6
starlet,2.7
start,2.5
startle,3.91
starve,4.27
state,2.3
statement,1.36
static,3.3
station,2.45
statue,3.73
stature,2.27
status,2.64
statute,2.5
staunch,1.82
stay,1.55
stead,1.9
steady,2
steak,5.18
steal,1.64
stealth,2
steam,3.27
steed,1.73
steel,3.82
steep,2.92
steer,3.08
stein,1.36
stellar,2.27
stem,3
stench,3.91
step,2.7
steppe,2.17
sterile,4
sterling,2.36
stern,2.18
sternum,2.6
steward,2.6
stick,2.8
stickler,2.8
stiff,2.08
stigma,2.5
stile,1.4
still,2.58
stilt,2.3
sting,3.45
stingy,2.9
stink,4.36
stint,1.36
stir,3
stitch,2.1
stock,1.75
stockade,2.18
stoke,2.25
stole,1.73
stomach,3.7
stone,2.9
stood,1.7
stooge,2.1
stool,1.73
stoop,3.64
stop,1.7
storage,3.18
store,1.82
stork,1.73
storm,3.9
story,3.09
stout,2.8
stove,3.67
stow,2.27
straddle,5.1
straight,2.45
strain,3.73
strand,1.6
strange,2.2
stranger,4.2
strangle,4.36
strap,2.82
straw,2.91
stray,2.5
streak,2.82
stream,2.36
street,3.36
strength,2.3
stress,4.18
stretch,4.45
stretcher,3.7
stricken,3.5
strict,2.5
stride,3.25
strife,2.25
strike,3.82
string,3.18
strip,3.09
stripe,2.82
strive,1.5
strode,2.18
stroke,3.17
stroll,2.64
stroller,3.4
strong,2.7
strove,1.45
struck,2.92
strudel,3.82
struggle,4.2
strum,3.45
strung,3.45
strut,3.42
stubborn,3.4
stuck,2.09
stud,2.55
student,3.89
study,2.8
stuff,2.5
stumble,3.73
stump,2.9
stun,2.45
stung,4
stunt,1.55
stupid,2.6
sturdy,3.09
sty,2.3
style,2.8
suave,3.1
subdue,1.91
subject,2.2
sublet,2.11
sublime,3.55
submit,2.18
subscribe,2
substance,2.82
subtle,1.9
subtract,1.9
suburb,4.36
subway,5.3
succeed,2.6
success,3
such,1.3
suck,3.9
suction,2.78
sudden,3.1
sue,1.73
suede,3.55
suffer,3.3
suffice,1.8
sugar,5.4
suggest,2.2
suit,2.4
suite,2.91
suitor,3.09
sulfur,3.33
sulk,2.82
sully,1.9
sulphur,3.91
sultan,2
summer,5.4
summit,2.82
summon,1.8
summons,1.8
sun,4.6
sundae,4.7
sung,3.64
sunk,3.27
sunny,5.1
sup,2
super,2.73
superb,2.2
supper,5
supple,3.09
supply,1.82
support,2.64
suppose,1.7
suppress,2.64
supreme,2.4
sure,2.1
surf,3.7
surface,2.9
surge,2.4
surgeon,4.5
surly,2.36
surplus,2.6
surprise,3.1
surreal,3.6
surround,1.8
survey,3.2
survive,3.8
sushi,5.9
suspect,2.18
suspend,3.6
suspense,3.1
sustain,2.3
suture,2.8
swab,3.5
swag,2.36
swallow,3.8
swam,3.33
swamp,4.36
swan,2.8
swank,2.91
swap,2.3
swarm,3.18
swash,2.75
swat,2.91
swath,1.55
swathe,2.36
sway,3.2
swear,2.45
sweat,4.4
sweater,4.9
sweep,2.45
sweet,4.45
swell,3.45
swept,2.92
swerve,3
swift,2
swig,3.91
swim,3.91
swindle,2.27
swine,3.83
swing,3.18
swipe,3
swirl,2.55
swish,3.17
switch,2.2
swoon,2.91
swoop,2.45
sword,4.18
swore,3.42
sworn,1.36
swum,2.58
swung,3.83
symbol,2.3
symptom,2.73
sync,1.92
syndrome,2.3
syringe,4.36
syrup,4.82
system,1.73
tab,1.18
table,3.9
tablet,2.64
tabloid,3.2
taboo,3.9
tack,3
tackle,4
taco,4.5
tact,2
tactic,2.4
taffy,4
tag,1.91
tail,2.5
tailor,3.7
taint,2.91
take,1.92
talc,2.27
talcum,2.73
tale,2.67
talent,2.91
talk,2.5
tall,2.5
talon,3.6
tame,2.58
tampon,2.91
tan,3.6
tangle,3.6
tango,3.64
tank,2
tantrum,4.5
tap,3.82
tape,3.18
taps,2.1
tar,3.2
tardy,2.7
target,4.1
tart,3.8
tartar,3.9
task,1.2
tassel,3.2
taste,4
tattoo,4.91
taught,2.27
taunt,2.7
taut,2.45
tavern,3.73
tawdry,1.2
tax,1.4
taxi,4.6
tea,4.08
teach,2.2
teacher,4
teal,2.73
team,2.73
tear,2.82
tease,3.3
technique,3.1
tee,1.55
teem,2.18
teeming,2.73
teen,1.6
teeth,4
tell,2.17
temper,4.36
tempest,4.9
temple,3.27
tempo,3.73
tempt,2.36
ten,1.36
tenant,2.18
tend,1.55
tender,4
tendon,3.55
tennis,4.3
tenor,3.4
tense,3.5
tension,4.82
tent,2
tenth,1.64
tenure,1.55
tepee,4.27
term,2.18
termite,3.55
terrace,3.45
terrain,5.1
terror,4.5
test,2
text,2.5
texture,4.1
than,1.17
thank,3
that,1.3
thaw,3.6
the,1
theft,2
their,1.55
them,1.92
theme,2.18
then,1
thence,1.1
theory,2.27
therefore,1.5
thermal,3.7
these,1.27
thesis,2.55
they,1.92
thick,2.17
thief,2.45
thieve,1.9
thigh,2.55
thin,3.7
think,2.64
third,1.73
thirst,5.2
this,1.3
thong,3.64
thorn,5.2
thorough,1.7
those,1
though,1.09
thought,2.1
thousand,2.64
thrash,3.55
thread,2.36
threat,2.64
three,2.36
thresh,1.5
threshold,2.4
threw,2.18
thrice,1.64
thrift,2
thrill,3.6
thrive,2.36
throat,3.6
throb,4.55
throne,3.09
throng,2.4
throttle,3.64
through,1.5
throw,3.17
thrown,2.9
thrust,3
thud,3.2
thug,3.55
thumb,3.2
thump,3
thunder,5
thus,1.17
thwart,2.27
thyme,3.45
thyroid,2.73
tic,2.42
tick,2.91
ticket,3
tickle,5.09
tidy,3.9
tie,2.7
tier,2.58
tiger,5.4
tights,3
tile,3.09
till,1.3
tilt,3.08
timber,3.4
time,2.4
timid,2.6
tin,2.9
tinge,2.82
tingle,4.82
tinker,2.18
tinkle,4.18
tint,2
tiny,2.7
tip,1.64
tipsy,4.5
tire,3.3
tissue,3.6
tit,3.33
titan,3.45
title,2.27
to,1.09
toad,3
toast,3.09
today,3.64
toddler,4.55
toe,3.91
tofu,3.91
toga,3.89
toil,2.55
toilet,3.73
token,3.3
told,1.6
toll,1.64
tomb,4
ton,2.91
tone,3.55
toner,2.45
tong,1.7
tongue,4.27
tonic,3.82
tonight,3.45
tonsils,3.36
too,1.18
took,1.3
tool,2.58
toot,3
tooth,3.45
top,2
topaz,4
topic,2
topple,3.1
torch,4
torment,4.2
torn,2.09
torrid,1.6
torso,3.45
tort,1.8
tortoise,4.5
torture,3.18
toss,3
tot,1.91
total,2
tote,1.5
totem,4.3
touch,4.09
tough,3.27
toupee,3.09
tour,2.3
tow,1.5
towel,3.82
tower,3.9
town,1.82
toxic,4.8
toxin,3.64
trace,2.33
track,2
tract,2.18
traction,3.3
tractor,3.91
traffic,5.7
tragic,3.4
trail,2.7
trailer,3.9
train,4.45
trait,1.73
traitor,2.7
tram,1.64
tramp,3.08
trample,4.18
trance,2.9
tranquil,4
transfer,1.82
transit,2.3
translate,1.8
transmit,2.1
transplant,3.18
transport,3.1
trap,2.6
trapeze,3.09
trash,3.25
trauma,5.09
travel,3.27
traverse,2.4
tray,2
tread,2.45
treason,1.82
treasure,4
treat,3.08
treatment,2.45
treaty,2
tree,4.45
trek,1.36
tremble,3.36
tremor,3.73
trench,4
trend,1.55
trespass,3.18
triad,1.91
trial,2.55
tribal,3.9
tribe,1.9
tribute,2.64
trick,2.82
trifle,3.1
trigger,3.5
trill,3.75
trim,2.1
trinket,2.45
trio,3.1
trip,3
tripe,1.64
triple,2.6
tripod,2.45
trite,1.4
triumph,3.91
trod,2.82
troll,3.45
trolley,3.4
trombone,3.91
troop,1.82
trooper,2.82
trophy,3.91
tropic,4.3
trot,3.33
trouble,2.82
trough,1.64
trounce,2.27
troupe,2.1
trouper,2
trousers,2.9
truce,1.82
truck,2.9
trudge,2.6
true ,2
trump,1.6
trumpet,5.2
trunk,2.1
trust,2.27
try,1.91
tub,3.25
tuba,4.9
tube,2.1
tuck,1.67
tug,2.73
tulip,4.7
tumble,3.6
tummy,4.2
tumor,4.6
tuna,5.4
tune,3.42
tunic,2.6
tunnel,3.36
turban,3.45
turbine,2.91
turf,3.1
turkey,4.45
turmoil,3.64
turn,1.91
turnip,3
turtle,3.36
tusk,2.8
tutor,4.36
tutu,2.89
twang,1.82
tweed,3.6
tweet,2.55
twelfth,1.5
twelve,1.73
twerp,2
twice,1.4
twig,1.8
twin,3.36
twine,1.91
twinge,2.8
twinkle,4.2
twirl,3.55
twist,3.2
twister,3.55
twit,1.64
twitch,3
two,1.82
tycoon,3
tyke,1.55
type,2.1
typhoon,4.27
typo,2.3
tyrant,3.5
ugly,4.45
ulcer,3.3
ultra,3.1
uncle,4.5
uncouth,1.6
union,1.91
unique,3.1
unite,3.09
unless,2
until,1.7
up,2.91
upon,1.5
upset,3.6
urban,3.91
urge,2.9
urgent,3.82
urn,2
us,2.36
usher,3.64
utmost,1.64
utter,2.55
vacant,3.18
vacate,2.1
vaccine,3.36
vagrant,2.3
vague,1.4
vain,2.09
vale,1.4
valet,3.2
valid,1.9
valley,2.73
valor,2.64
valve,2.67
vamoose,1.36
vamp,2
vampire,6
van,3.36
vane,1.91
vanish,3.64
vanquish,3
vantage,1.9
vapor,4.1
varmint,3.3
vary,1.64
vase,2.7
vassal,2.1
vast,2.5
vault,1.7
veal,3.83
vector,2.1
veer,2
vegan,3.45
veil,2.91
vein,3.73
velcro,4.27
velvet,3.91
vend,3.08
vendor,3.3
veneer,2.3
venom,4
vent,2.64
venture,3
venue,2.91
venus,3
verb,1.4
verbal,3.6
verdict,1.91
verge,1.91
vermin,3.4
vermouth,4.4
verse,2.5
versed,1
version,2
versus,2.09
very,1.55
vessel,2.8
vest,2.3
veto,2.3
vex,2.09
vibrant,4.8
vibrate,5
vicar,2.4
vice,2.45
vicious,3.8
victim,3.44
vie,2.08
view,3.73
vigil,3.18
vile,2.45
villa,4.09
village,3.5
villain,3.6
vintage,2.6
vinyl,3.18
viper,4.36
virgin,4.55
virile,2.36
virtue,2.6
virus,4.1
visa,4.8
vise,1.7
vision,3.36
visor,3.4
vital,3.45
vitro,1.78
vivid,3.7
vixen,3.64
vodka,5.4
vogue,1.73
voice,3.8
void,1.64
volt,3.5
voltage,4.36
volume,3.91
vomit,5.18
voodoo,3.91
vortex,3.6
vote,2.18
vouch,1.55
voucher,2
vow,2.18
vowel,2.27
voyage,3.82
vulgar,4.5
vulture,4.64
wacky,2.7
wad,2.1
waffle,5.18
wag,3
wage,2.36
wager,2.91
wagon,3.4
waif,1.91
wail,2.7
waist,3.73
wait,1.92
waiter,3.36
waitress,3.6
waive,3.6
waiver,2.64
wake,2.55
wale,1.82
wall,3.73
wallet,4.8
wallop,3
wallow,2.73
walnut,6.5
walrus,4.6
waltz,3.1
wand,3
wander,3.3
wane,1.8
want,2.55
wanted,3.1
wanton,2.45
war,3.27
ward,1.8
warden,2.36
ware,1.18
warlock,3.3
warm,3.91
warn,2.1
warp,3.27
warrant,2.7
wart,3.3
wary,2.64
was,1
wash,2.64
wasp,2.91
waste,2.5
watch,1.91
water,6.33
watt,1.64
wave,2.91
wax,4.5
way,1.27
we,1.5
weak,2
wealth,3.18
wean,1.9
weapon,3.73
wear,2
weary,3.36
weasel,4.5
weather,4.09
weave,2.9
web,2.3
wed,2.2
wedding,4.7
wedgie,5
wedlock,1.64
wee,3
weed,4.4
week,2
weekend,3.8
weep,3.36
weigh,2.18
weird,2
weirdo,3.45
welch,2.1
welcome,2.9
weld,1.73
welfare,2
well,1.73
welsh,1.4
welt,2.82
went,1.36
wept,3.6
were,1.45
west,2.2
whack,4.42
whale,3.18
wham,2.82
whammy,2.4
wharf,2.6
what,1.18
wheat,2
wheel,2.8
wheeze,3.2
whelp,1.7
when,1.18
whence,1.27
where,1.18
whereas,1.7
whet,1.6
whether,2.1
whey,1.6
which,1.18
whiff,3.8
while,1.64
whim,1.73
whimper,4.45
whine,3.64
whirl,2.45
whisk,3.36
whiskey,5.4
whisky,4.36
whisper,4.09
whistle,4.18
whit,1.92
white,2.91
whiz,1.82
who,1.09
whole,2.64
whom,1.75
whoop,3.3
whoopee,3.33
whopper,4.7
whore,3.1
wick,2.7
wicked,4
widow,3.8
width,2
wield,2
wife,3.45
wig,3
wiggle,3.5
wild,2.91
will,1.91
wilt,3.18
wily,2.64
win,2.92
wince,3.45
winch,1.9
window,4.27
wine,3.82
wink,4.33
winter,5.82
wipe,3.6
wisdom,3.1
wise,2.1
wish,2.64
wisp,2.36
wit,1.91
witch,2.5
with,1.18
withdraw,2.5
wither,2.9
without,2.2
witness,2.82
wives,2.55
wizard,4.5
wobble,3.73
woe,1.82
woke,3.17
wolf,4.5
wolves,4.36
woman,5.3
womb,3.55
won,1.8
wonder,3.91
wondrous,3.27
woo,3.4
wood,3
wool,4.17
woozy,3.8
word,1.42
work,3.55
world,3
worry,3
worse,2.45
worship,3.9
worst,2
worth,1.82
would,1.83
wove,2.67
wrack,2.27
wrap,2.8
wrath,2.6
wreak,2.73
wreath,2
wreathe,1.55
wreck,3
wren,2
wrench,2.36
wrestle,4.4
wretch,2.45
wring,3.18
wrinkle,3.36
wrist,3.18
writ,1.4
write,4
writhe,3.18
wrong,2.27
wrote,3.82
wroth,1
wrought,1.5
wrung,2.3
wry,1.91
yacht,2.7
yahoo,4.45
yak,3.6
yam,3.64
yank,2.45
yap,2.82
yard,2
yarn,2.1
yawn,4.6
yea,1.6
year,1.73
yearn,2
yeast,2.8
yell,4.36
yellow,5.09
yelp,4
yen,1.73
yes,1.7
yet,1
yew,1.83
yield,2.09
yodel,4.5
yoga,4.55
yogurt,5.3
yoke,2
yolk,2
yonder,2.18
yore,1.55
you,3.45
young,2.55
yourself,4
youth,2.09
yule,2.5
yummy,4.1
yuppie,3.4
zeal,1.64
zebra,4.4
zephyr,2.44
zero,4.2
zest,3.36
zinc,1.91
zip,4.18
zipper,5.9
zombie,4.36
zoo,3.4
zoom,3.4