participant,row,x,y
ID_01,1,65.8155400946,95.5883740582
ID_01,2,65.6722651618,91.9334018119
ID_01,3,39.002716451,92.26183816
ID_01,4,37.7953028026,93.5324553607
ID_01,5,35.5139005857,89.5991901138
ID_01,6,39.2194529062,83.5434818364
ID_01,7,31.5882013862,77.0280524208
ID_01,8,32.6577782482,80.1138612983
ID_01,9,31.6415992679,77.6108331874
ID_01,10,30.9871426099,63.9440280336
ID_01,11,27.4396322054,65.7444629564
ID_01,12,30.5783699449,65.5219454667
ID_01,13,28.809401637,59.6210044666
ID_01,14,27.9395185786,50.9850621313
ID_01,15,33.8499497887,46.2844744465
ID_01,16,32.628463049,54.0637204929
ID_01,17,32.4386500903,49.9030194916
ID_01,18,35.8382920833,53.3514883396
ID_01,19,37.1420429198,49.7419879519
ID_01,20,34.6445467746,54.4441077764
ID_01,21,35.675404696,49.6256433471
ID_01,22,64.99458547,49.4621728312
ID_01,23,66.1291498342,61.6437178853
ID_01,24,65.790651882,55.9453737171
ID_01,25,67.5017806138,60.8502274659
ID_01,26,67.6295142176,61.4291060701
ID_01,27,63.9100640599,62.9723349305
ID_01,28,66.5493579687,67.7255886599
ID_01,29,64.0515417112,48.8200939835
ID_01,30,68.1932895833,46.5435408096
ID_01,31,65.2783891952,44.8203529292
ID_01,32,34.9976613883,28.6329939351
ID_01,33,33.9237661692,53.5586885227
ID_01,34,66.0044543688,52.6846691452
ID_01,35,37.0232562464,32.1184816794
ID_01,36,34.6982700852,36.4753541349
ID_01,37,34.8634441715,30.9392745218
ID_01,38,31.0900650789,32.3837547196
ID_01,39,34.9213061465,35.4184380529
ID_01,40,30.343361183,32.5245631742
ID_01,41,35.4833288685,44.4916349303
ID_01,42,33.2349104271,38.502483721
ID_01,43,35.4399436182,47.7975176939
ID_01,44,33.8735095227,37.056028453
ID_01,45,28.5641377966,34.6263997171
ID_01,46,31.3195486706,31.6639905316
ID_01,47,30.796174379,23.5190343602
ID_01,48,34.2333554347,22.4959116015
ID_01,49,36.6307877065,31.4768312621
ID_01,50,34.5486191018,26.1110878654
ID_01,51,37.5196356,29.2676058936
ID_01,52,62.4256973267,34.0442062707
ID_01,53,64.320383794,31.7856294846
ID_01,54,65.4455325117,43.2734991936
ID_01,55,64.3256315887,41.6159763773
ID_01,56,65.264338195,35.7175447772
ID_01,57,66.388704175,38.8447443366
ID_01,58,68.1914228192,45.1694864796
ID_01,59,68.5406624515,48.4385263389
ID_01,60,67.6614312657,51.0685845873
ID_01,61,68.6755160534,50.465234811
ID_01,62,69.0817099788,55.4740530987
ID_01,63,69.048716493,66.3660457477
ID_01,64,67.3082233775,71.5902965807
ID_01,65,38.714899408,76.3969778172
ID_01,66,35.5480948795,89.3049758407
ID_01,67,36.7106729424,86.0749670003
ID_01,68,64.9126624396,87.6457960566
ID_01,69,66.0641357377,89.2086685815
ID_01,70,64.9359294757,87.0721381174
ID_01,71,67.0265507063,76.2225153324
ID_01,72,65.3140322257,77.9387440331
ID_01,73,64.2952177764,84.1258572133
ID_01,74,38.7980121423,74.6106304299
ID_01,75,34.6757573144,79.6375987743
ID_01,76,30.7192619427,58.812060082
ID_01,77,34.1051509268,64.1291972267
ID_01,78,33.4233718511,67.0957433613
ID_01,79,66.3138096741,98.9310270371
ID_01,80,65.3096314498,98.1651568396
ID_01,81,65.7140760682,99.2837639519
ID_01,82,67.5934531877,90.9519098246
ID_01,83,66.3880173202,89.2812304744
ID_01,84,67.8061881135,91.6881773501
ID_01,85,70.9626103129,86.5181213517
ID_01,86,71.9936371714,78.8209480695
ID_01,87,72.4798343312,80.8006830564
ID_01,88,74.0784292286,72.9515308522
ID_01,89,72.0362880189,69.7160484161
ID_01,90,72.9981862717,59.6656447092
ID_01,91,74.8121312339,57.5898837631
ID_01,92,73.0273050243,46.2741878725
ID_01,93,77.067111934,51.4869181896
ID_01,94,75.0171368727,46.6224426489
ID_01,95,76.6653077326,38.440250966
ID_01,96,77.9158742329,45.9268433826
ID_01,97,73.7420460836,39.1209853231
ID_01,98,75.3298157891,32.8303519164
ID_01,99,63.4104355141,38.377735614
ID_01,100,68.856486669,43.084147214
ID_01,101,66.3377850519,33.3065100022
ID_01,102,64.2037185014,26.6441143003
ID_01,103,64.4986348346,22.863501327
ID_01,104,68.8909906096,27.2962056672
ID_01,105,72.371523338,21.9616397473
ID_01,106,69.7654249704,19.999850454
ID_01,107,68.6213124429,18.9156764428
ID_01,108,64.2977371716,20.4287496884
ID_01,109,66.6992650902,18.5910853404
ID_01,110,67.5445276811,16.4479381344
ID_01,111,63.9469519836,18.6928454476
ID_01,112,64.3881920705,15.7728122808
ID_01,113,65.570045691,23.7657582226
ID_01,114,38.4028368753,19.0468586722
ID_01,115,37.8323600164,14.4694894463
ID_01,116,36.9041611715,13.5838157511
ID_01,117,36.286143052,17.1057707266
ID_01,118,62.7866325947,13.9189931024
ID_01,119,66.8176792234,11.4124971575
ID_01,120,66.755021412,18.0853051378
ID_01,121,65.4155283864,10.4635122068
ID_01,122,36.9463314417,13.5143774996
ID_01,123,37.8254347391,9.60103429534
ID_01,124,36.722837943,9.33330210686
ID_01,125,67.0733217806,6.04921458162
ID_01,126,64.601818107,12.0019169643
ID_01,127,65.4372821806,15.5453860785
ID_01,128,67.0040223792,15.3458266393
ID_01,129,66.7241920702,5.24980548075
ID_01,130,68.3076187632,13.2809165227
ID_01,131,68.7680482759,13.5214565521
ID_01,132,74.1672717461,5.34988087254
ID_01,133,64.9003579699,16.2452583689
ID_01,134,68.7634335463,8.70057294385
ID_01,135,66.8169139163,12.2732943361
ID_01,136,67.3093466467,0.217006270014
ID_01,137,34.7318293093,19.6017950724
ID_01,138,33.6744421497,26.09049021
ID_01,139,75.6272550236,37.128751949
ID_01,140,40.6101254225,89.1362398699
ID_01,141,39.1143664549,96.4817513202
ID_01,142,34.5838289299,89.5889019877
ID_02,1,47.6952008891,95.2411869282
ID_02,2,44.6099759113,93.075835032
ID_02,3,43.8563814822,94.0858717713
ID_02,4,41.5789293984,90.3035665387
ID_02,5,49.1774185559,96.6105324538
ID_02,6,42.6522509813,90.5606397307
ID_02,7,30.1233318217,81.1442953304
ID_02,8,31.915519986,79.7904134869
ID_02,9,27.8877193574,75.4455759934
ID_02,10,27.5482344526,75.1647590544
ID_02,11,20.2097781637,67.5166420988
ID_02,12,24.4434528292,54.4736551228
ID_02,13,24.6308301331,53.3957388998
ID_02,14,21.0379688969,49.829299645
ID_02,15,27.106242932,54.7195531488
ID_02,16,28.0896176553,60.512212549
ID_02,17,31.1357349152,61.4319127116
ID_02,18,37.700837521,68.4184052804
ID_02,19,43.3926884016,43.5975940692
ID_02,20,51.2623974761,49.6665051258
ID_02,21,43.2867129203,43.0568603208
ID_02,22,55.9059162338,54.2526725342
ID_02,23,50.198958949,52.2250295948
ID_02,24,55.761587372,54.0305172396
ID_02,25,58.3231396505,60.0310591646
ID_02,26,70.171457528,70.2822212385
ID_02,27,60.600276471,59.7533088802
ID_02,28,63.7602750188,61.1856411696
ID_02,29,54.3894952619,53.811901225
ID_02,30,55.2412969947,52.5935746267
ID_02,31,49.0701267502,48.8969446811
ID_02,32,46.0181190216,46.2577233718
ID_02,33,44.7595874356,41.9746066134
ID_02,34,51.6006241332,50.0324668853
ID_02,35,36.4658820182,35.5241876075
ID_02,36,33.394798732700004,35.0168013145
ID_02,37,37.5800715749,38.8315722007
ID_02,38,36.619722059,36.8114141094
ID_02,39,36.1634664356,33.819314199
ID_02,40,33.1677570349,31.2477411672
ID_02,41,42.6449829318,40.1543216386
ID_02,42,47.2250252695,44.5756466185
ID_02,43,48.3923630032,50.3315285645
ID_02,44,27.2451932001,29.8195074488
ID_02,45,30.4043143388,29.0795399241
ID_02,46,30.0807992865,27.5880255173
ID_02,47,33.9806339675,35.0330581489
ID_02,48,34.2506117649,34.4415865654
ID_02,49,51.1411835714,20.6183237784
ID_02,50,49.899592066,19.5640835356
ID_02,51,55.5898773424,26.2992451143
ID_02,52,55.4820563581,22.8274662445
ID_02,53,63.5729393821,32.9386176053
ID_02,54,59.0250770848,28.3220858801
ID_02,55,62.4237785929,33.4865952868
ID_02,56,47.849907703,48.556624645
ID_02,57,52.2685616825,52.8052401961
ID_02,58,68.8510215758,39.573434273
ID_02,59,65.6763960251,35.1093154301
ID_02,60,77.7468851148,47.3718241139
ID_02,61,80.352934115,47.8002988852
ID_02,62,60.3375864858,63.0349593272
ID_02,63,61.6587233282,64.1000234779
ID_02,64,71.5450389858,72.657716331
ID_02,65,49.0409566406,77.3625832678
ID_02,66,51.8868880222,80.1136076892
ID_02,67,57.968981435,85.3560457326
ID_02,68,54.855664646,83.7833976656
ID_02,69,54.1331954613,83.7939960824
ID_02,70,51.3088252568,80.1363911553
ID_02,71,61.1203943844,88.7040529069
ID_02,72,55.5638650304,85.810375144099993
ID_02,73,55.044123361,83.5414106324
ID_02,74,50.4441853247,78.1958883115
ID_02,75,43.8277089981,71.0470522123
ID_02,76,37.7914323802,66.8546410275
ID_02,77,29.292783111,59.79199693
ID_02,78,32.1920969515,60.2006509147
ID_02,79,51.4339355233,99.2568672885
ID_02,80,67.4641398118,95.999963905
ID_02,81,65.1507052757,92.502633736799993
ID_02,82,65.5834276962,93.5170609365
ID_02,83,69.2889731377,99.5795911254
ID_02,84,81.2694405511,80.635944933
ID_02,85,78.5757448361,76.8157030942
ID_02,86,74.1867734997,74.3442041467
ID_02,87,72.622209414,74.5269656511
ID_02,88,75.1415195918,73.8196684648
ID_02,89,75.168667839,73.9004448762
ID_02,90,85.3242028911,55.3885788252
ID_02,91,84.090507598,56.301968006
ID_02,92,86.2562238205,55.8309303793
ID_02,93,92.5487933153,42.9019079116
ID_02,94,90.3426345089,37.7803861004
ID_02,95,85.8191629042,37.5713861819
ID_02,96,90.4418181137,40.1331134204
ID_02,97,92.0175590822,39.9179311324
ID_02,98,95.2605278366,46.008830272
ID_02,99,41.2902998033,42.3115524113
ID_02,100,66.4313243161,36.5361097353
ID_02,101,63.9863468858,32.7134316129
ID_02,102,61.2696820905,29.3857240482
ID_02,103,60.7493891909,28.0517363383
ID_02,104,64.6552305634,16.6122765086
ID_02,105,68.6382807138,18.5080128963
ID_02,106,65.7766651568,16.7876560655
ID_02,107,71.1341263421,19.3859575313
ID_02,108,63.7231835039,14.5214211957
ID_02,109,73.0014940701,24.0738125371
ID_02,110,72.436657497,20.5783451136
ID_02,111,68.4127671225,19.9131265443
ID_02,112,52.8583150204,20.2350610035
ID_02,113,53.5299526734,24.2419155845
ID_02,114,50.7597410528,18.0893946004
ID_02,115,42.53480844,10.1698684594
ID_02,116,41.5303978512,13.3962907452
ID_02,117,46.7145179915,15.6132744651
ID_02,118,48.4506176492,16.2122782224
ID_02,119,59.6326101247,7.05803719901
ID_02,120,61.6185682473,13.4108227184
ID_02,121,48.8339891275,17.7259558674
ID_02,122,45.3426531889,13.9088123935
ID_02,123,42.4150122932,11.6937810961
ID_02,124,58.9347650647,9.36920121911
ID_02,125,60.6836260407,10.6326415569
ID_02,126,54.8117983683,6.56964870325
ID_02,127,61.5868424253,11.0275858356
ID_02,128,59.7160077628,11.5190968617
ID_02,129,58.4163840114,5.64577748328
ID_02,130,59.243809528,10.5401420943
ID_02,131,56.5943646385,8.91734404523
ID_02,132,68.4925132247,17.9873634289
ID_02,133,65.0059431717,15.9126686464
ID_02,134,63.9210367078,15.6209610332
ID_02,135,53.5129705438,5.87510952836
ID_02,136,57.8328062743,9.22238462333
ID_02,137,31.0329174395,28.9281418896
ID_02,138,31.3332440932,32.5385694785
ID_02,139,86.4015498466,38.7469331743
ID_02,140,47.4421116354,98.1843018589
ID_02,141,46.2647413368,94.1161921613
ID_02,142,40.1638157437,87.4486723469
ID_03,1,55.3846,97.1795
ID_03,2,51.5385,96.0256
ID_03,3,46.1538,94.4872
ID_03,4,42.8205,91.4103
ID_03,5,40.7692,88.3333
ID_03,6,38.7179,84.8718
ID_03,7,35.641,79.8718
ID_03,8,33.0769,77.5641
ID_03,9,28.9744,74.4872
ID_03,10,26.1538,71.4103
ID_03,11,23.0769,66.4103
ID_03,12,22.3077,61.7949
ID_03,13,22.3077,57.1795
ID_03,14,23.3333,52.9487
ID_03,15,25.8974,51.0256
ID_03,16,29.4872,51.0256
ID_03,17,32.8205,51.0256
ID_03,18,35.3846,51.4103
ID_03,19,40.2564,51.4103
ID_03,20,44.1026,52.9487
ID_03,21,46.6667,54.1026
ID_03,22,50,55.2564
ID_03,23,53.0769,55.641
ID_03,24,56.6667,56.0256
ID_03,25,59.2308,57.9487
ID_03,26,61.2821,62.1795
ID_03,27,61.5385,66.4103
ID_03,28,61.7949,69.1026
ID_03,29,57.4359,55.2564
ID_03,30,54.8718,49.8718
ID_03,31,52.5641,46.0256
ID_03,32,48.2051,38.3333
ID_03,33,49.4872,42.1795
ID_03,34,51.0256,44.1026
ID_03,35,45.3846,36.4103
ID_03,36,42.8205,32.5641
ID_03,37,38.7179,31.4103
ID_03,38,35.1282,30.2564
ID_03,39,32.5641,32.1795
ID_03,40,30,36.7949
ID_03,41,33.5897,41.4103
ID_03,42,36.6667,45.641
ID_03,43,38.2051,49.1026
ID_03,44,29.7436,36.0256
ID_03,45,29.7436,32.1795
ID_03,46,30,29.1026
ID_03,47,32.0513,26.7949
ID_03,48,35.8974,25.2564
ID_03,49,41.0256,25.2564
ID_03,50,44.1026,25.641
ID_03,51,47.1795,28.718
ID_03,52,49.4872,31.4103
ID_03,53,51.5385,34.8718
ID_03,54,53.5897,37.5641
ID_03,55,55.1282,40.641
ID_03,56,56.6667,42.1795
ID_03,57,59.2308,44.4872
ID_03,58,62.3077,46.0256
ID_03,59,64.8718,46.7949
ID_03,60,67.9487,47.9487
ID_03,61,70.5128,53.718
ID_03,62,71.5385,60.641
ID_03,63,71.5385,64.4872
ID_03,64,69.4872,69.4872
ID_03,65,46.9231,79.8718
ID_03,66,48.2051,84.1026
ID_03,67,50,85.2564
ID_03,68,53.0769,85.2564
ID_03,69,55.3846,86.0256
ID_03,70,56.6667,86.0256
ID_03,71,56.1538,82.9487
ID_03,72,53.8462,80.641
ID_03,73,51.2821,78.718
ID_03,74,50,78.718
ID_03,75,47.9487,77.5641
ID_03,76,29.7436,59.8718
ID_03,77,29.7436,62.1795
ID_03,78,31.2821,62.5641
ID_03,79,57.9487,99.4872
ID_03,80,61.7949,99.1026
ID_03,81,64.8718,97.5641
ID_03,82,68.4615,94.1026
ID_03,83,70.7692,91.0256
ID_03,84,72.0513,86.4103
ID_03,85,73.8462,83.3333
ID_03,86,75.1282,79.1026
ID_03,87,76.6667,75.2564
ID_03,88,77.6923,71.4103
ID_03,89,79.7436,66.7949
ID_03,90,81.7949,60.2564
ID_03,91,83.3333,55.2564
ID_03,92,85.1282,51.4103
ID_03,93,86.4103,47.5641
ID_03,94,87.9487,46.0256
ID_03,95,89.4872,42.5641
ID_03,96,93.3333,39.8718
ID_03,97,95.3846,36.7949
ID_03,98,98.2051,33.718
ID_03,99,56.6667,40.641
ID_03,100,59.2308,38.3333
ID_03,101,60.7692,33.718
ID_03,102,63.0769,29.1026
ID_03,103,64.1026,25.2564
ID_03,104,64.359,24.1026
ID_03,105,74.359,22.9487
ID_03,106,71.2821,22.9487
ID_03,107,67.9487,22.1795
ID_03,108,65.8974,20.2564
ID_03,109,63.0769,19.1026
ID_03,110,61.2821,19.1026
ID_03,111,58.7179,18.3333
ID_03,112,55.1282,18.3333
ID_03,113,52.3077,18.3333
ID_03,114,49.7436,17.5641
ID_03,115,47.4359,16.0256
ID_03,116,44.8718,13.718
ID_03,117,48.7179,14.8718
ID_03,118,51.2821,14.8718
ID_03,119,54.1026,14.8718
ID_03,120,56.1538,14.1026
ID_03,121,52.0513,12.5641
ID_03,122,48.7179,11.0256
ID_03,123,47.1795,9.8718
ID_03,124,46.1538,6.0256
ID_03,125,50.5128,9.4872
ID_03,126,53.8462,10.2564
ID_03,127,57.4359,10.2564
ID_03,128,60,10.641
ID_03,129,64.1026,10.641
ID_03,130,66.9231,10.641
ID_03,131,71.2821,10.641
ID_03,132,74.359,10.641
ID_03,133,78.2051,10.641
ID_03,134,67.9487,8.718
ID_03,135,68.4615,5.2564
ID_03,136,68.2051,2.9487
ID_03,137,37.6923,25.7692
ID_03,138,39.4872,25.3846
ID_03,139,91.2821,41.5385
ID_03,140,50,95.7692
ID_03,141,47.9487,95
ID_03,142,44.1026,92.6923
ID_04,1,52.8720214902,97.3432226575
ID_04,2,59.0141444945,93.5748748733
ID_04,3,56.3751090389,96.30514763
ID_04,4,37.8391996844,94.359443503
ID_04,5,39.8853734176,90.6346620817
ID_04,6,44.0774051326,84.1258533023
ID_04,7,31.4970254888,67.912562156800007
ID_04,8,25.9525965456,73.0331803541
ID_04,9,36.4347239148,62.2940454639
ID_04,10,24.997482691,75.4415616626
ID_04,11,32.2462751352,70.1105868383
ID_04,12,18.1094722949,53.7081103324
ID_04,13,21.7960992263,49.4995295248
ID_04,14,24.150491069,47.1885335266
ID_04,15,28.6031956015,44.2237227
ID_04,16,20.9319996761,51.6462354868
ID_04,17,35.4355325251,34.9610381566
ID_04,18,44.3773828236,57.6847369215
ID_04,19,46.313692406,55.6855917703
ID_04,20,46.3860739231,51.0021645381
ID_04,21,42.4954400876,56.9036815315
ID_04,22,44.3005150328,58.1329592781
ID_04,23,46.9882833458,55.4206367313
ID_04,24,52.4215231623,47.867005488
ID_04,25,64.090998189,68.6509850107
ID_04,26,63.0168717563,68.2252589114
ID_04,27,67.3025779226,64.4134627173
ID_04,28,67.2259568904,62.4764105301
ID_04,29,50.309988715,47.2678818553
ID_04,30,45.4126389249,53.8707976895
ID_04,31,54.0206071815,47.2698972057
ID_04,32,49.8420222483,50.5765522936
ID_04,33,50.7132995657,48.7722867825
ID_04,34,55.0455549106,45.9862727459
ID_04,35,37.5437012597,32.8840244657
ID_04,36,39.7958978066,28.4432191156
ID_04,37,28.5233910215,39.7966662481
ID_04,38,31.3996460012,39.2652632229
ID_04,39,39.2415652162,33.3614166846
ID_04,40,27.7140565712,42.2500516253
ID_04,41,32.9607035213,35.8231112903
ID_04,42,35.4047362397,31.9391621952
ID_04,43,51.6422264225,50.8383406788
ID_04,44,34.207620843,33.5938054385
ID_04,45,36.5234892198,35.6710483891
ID_04,46,28.4192021281,21.3157482481
ID_04,47,26.1604969417,23.0422314726
ID_04,48,40.435327397,27.6400711421
ID_04,49,44.544955314,27.3622426221
ID_04,50,40.1237272008,30.0731619402
ID_04,51,42.1848064503,28.5736747331
ID_04,52,40.0026592892,27.4875100027
ID_04,53,57.1252310509,42.7390191388
ID_04,54,60.375744968,41.3564579961
ID_04,55,55.1058961252,46.1490510561
ID_04,56,61.7372710245,38.5848440052
ID_04,57,55.7412443246,46.6535769763
ID_04,58,58.2964084158,41.5831977346
ID_04,59,57.0425482213,42.418757739
ID_04,60,76.7756112073,55.2545987009
ID_04,61,71.8870772602,59.2669926152
ID_04,62,73.7883730663,58.6208121164
ID_04,63,75.1396847343,54.2445521781
ID_04,64,64.5963189058,65.952512925
ID_04,65,46.9095386323,85.6022611586
ID_04,66,46.9051031994,81.5656424136
ID_04,67,49.8069877356,82.085025592
ID_04,68,48.8632418189,83.1583574877
ID_04,69,66.7481899024,84.0048341677
ID_04,70,62.3597662841,90.2436599196
ID_04,71,47.3748964954,83.4715555182
ID_04,72,47.4464667165,82.622124014
ID_04,73,53.385280634,78.8711362558
ID_04,74,49.4527077733,79.9306028004
ID_04,75,54.8026825363,75.3639849893
ID_04,76,37.0882451339,60.857227495
ID_04,77,32.3759619238,68.5108204552
ID_04,78,37.4770138847,63.7886855744
ID_04,79,52.4066488967,96.4254150057
ID_04,80,50.2970432655,99.6441791736
ID_04,81,61.5633243835,89.8641388605
ID_04,82,61.0865603919,89.2243556475
ID_04,83,59.2364904011,91.4811005766
ID_04,84,66.1540050863,84.1119370252
ID_04,85,67.2313347767,85.055640808
ID_04,86,73.7099068702,78.2706108976
ID_04,87,76.5804513576,72.8915336827
ID_04,88,78.8765811639,71.5625276804
ID_04,89,77.4490021363,72.4473094857
ID_04,90,86.8537073476,65.5433240194
ID_04,91,79.806531301,52.7231797883
ID_04,92,76.9882734745,54.2027848022
ID_04,93,79.4793575017,49.1410154455
ID_04,94,82.3041595613,46.9909036215
ID_04,95,90.700691247,41.4667030063
ID_04,96,95.4434878077,36.1897016148
ID_04,97,94.9974880471,35.0953011066
ID_04,98,91.517847246,36.8902631263
ID_04,99,62.2926421901,40.0295333141
ID_04,100,59.2034756073,41.2706776667
ID_04,101,65.2563927704,32.8541041237
ID_04,102,62.4447424979,35.4149992261
ID_04,103,72.4624062907,27.6242638254
ID_04,104,69.9194262552,29.3110927191
ID_04,105,77.7628590782,23.4913735562
ID_04,106,72.7784101997,26.9005353695
ID_04,107,65.198316667,33.0271717859
ID_04,108,69.4598588916,30.1970315053
ID_04,109,59.3150555205,12.3543136666
ID_04,110,51.487713355,20.8436106875
ID_04,111,57.1124475509,15.3217851726
ID_04,112,50.2244178157,19.1709698793
ID_04,113,50.4338611907,18.5348708515
ID_04,114,56.3803054046,14.7884597101
ID_04,115,54.8635045999,14.009611915
ID_04,116,45.4998576493,3.98542629287
ID_04,117,49.9367453057,21.5900969196
ID_04,118,53.8098729164,17.7664144512
ID_04,119,59.8526782804,9.03994992133
ID_04,120,48.1756567942,19.5212153543
ID_04,121,50.7417190667,17.8384056087
ID_04,122,58.4597612975,14.1486628546
ID_04,123,50.1145975193,1.74146171252
ID_04,124,45.4203820755,5.37240899542
ID_04,125,51.3532681954,0.30387242055
ID_04,126,53.091704424,19.2900304453
ID_04,127,58.9431665444,11.6128777918
ID_04,128,59.3109904219,10.5721363739
ID_04,129,68.2221986595,1.13388036584
ID_04,130,62.5117719862,7.49123248279
ID_04,131,69.3800563617,1.48813233299
ID_04,132,82.8002478704,18.5293762368
ID_04,133,85.1603321777,15.0183695439
ID_04,134,67.095847697,0.601490941965
ID_04,135,62.307750573,5.74997471945
ID_04,136,59.9704150458,7.9133104735
ID_04,137,39.9116351739,32.1440226145
ID_04,138,39.5965009783,32.1361317349
ID_04,139,95.5934163965,33.2341293953
ID_04,140,52.772288113,99.6134716833
ID_04,141,53.1786144535,98.6038611855
ID_04,142,37.6270534612,93.060672952
ID_05,1,50.4815081703,93.2227013657
ID_05,2,50.2824056687,97.6099835723
ID_05,3,50.1867033389,99.6946801425
ID_05,4,50.3269108629,90.0220534916
ID_05,5,50.4562073315,89.9874101286
ID_05,6,30.4648469308,82.0892320845
ID_05,7,30.5015964737,82.3071263462
ID_05,8,30.489569227,77.7298801366
ID_05,9,30.45024833,79.8348944011
ID_05,10,30.5183947985,68.2525829388
ID_05,11,30.5116612138,66.0937181831
ID_05,12,30.4980777147,62.3849850338
ID_05,13,30.6202277519,60.8600821544
ID_05,14,30.4921854231,55.8789168923
ID_05,15,30.474634333,52.3221596388
ID_05,16,30.500998079,48.0696996767
ID_05,17,30.4944213623,45.7734755346
ID_05,18,30.4995445502,49.3820997506
ID_05,19,50.144392979,47.0142836417
ID_05,20,49.9128985877,55.5878389121
ID_05,21,50.3374274859,57.9553142818
ID_05,22,50.4189791992,60.5249117346
ID_05,23,50.2052589714,57.9242171676
ID_05,24,50.4353151633,56.4393224734
ID_05,25,69.5057889042,59.2849248279
ID_05,26,69.5340709833,64.8929773346
ID_05,27,69.5101069302,61.3296244282
ID_05,28,69.5263228876,56.9952791254
ID_05,29,49.9472399619,48.2295767261
ID_05,30,50.0631041291,58.085037556
ID_05,31,50.489902373,39.2054119682
ID_05,32,49.6888638379,42.018514414
ID_05,33,50.3334811097,43.588671479
ID_05,34,50.4467514196,57.2305889423
ID_05,35,50.4209091963,43.3479568967
ID_05,36,50.3740520508,32.9182406167
ID_05,37,30.4768299051,39.4246055913
ID_05,38,30.5034743497,38.3485561381
ID_05,39,30.5048349283,28.7714879939
ID_05,40,30.4622184647,32.7504720275
ID_05,41,30.491302622,43.5613740753
ID_05,42,30.449653838,44.9951230008
ID_05,43,30.4859942157,47.3479464653
ID_05,44,30.5020767935,36.4412129198
ID_05,45,30.4780588886,28.020580489
ID_05,46,30.5011608787,38.3141385582
ID_05,47,30.5047730174,26.4166256707
ID_05,48,30.509115326,22.8255471196
ID_05,49,50.1156321728,16.6940065479
ID_05,50,50.4483013392,21.6402564599
ID_05,51,50.17317743,29.177864393
ID_05,52,49.9227419194,38.4404729124
ID_05,53,50.3112993746,26.8604882737
ID_05,54,50.3994096114,38.9638389234
ID_05,55,50.3373626448,40.913386144
ID_05,56,50.2023180965,47.2129480045
ID_05,57,50.2749326091,49.6234993439
ID_05,58,69.4943803061,52.6124107059
ID_05,59,69.5193397556,47.384533707
ID_05,60,69.5291826079,57.8412666804
ID_05,61,69.495755496,58.785073162
ID_05,62,69.199057706,60.4189573202
ID_05,63,69.5510914402,58.4010982686
ID_05,64,69.5066843151,68.0844667893
ID_05,65,50.4441175504,75.0132995059
ID_05,66,50.4672293846,90.281464505
ID_05,67,50.210881979,80.9417717084
ID_05,68,50.205406955,90.6405359009
ID_05,69,50.4382906648,92.3547602661
ID_05,70,50.3735188462,82.2192057218
ID_05,71,50.253683689,81.7438287242
ID_05,72,50.2504708592,71.9513852104
ID_05,73,50.0870583609,73.9518736268
ID_05,74,50.2310718829,80.6473870602
ID_05,75,50.2077411201,73.1145035177
ID_05,76,30.4995061735,53.6125276703
ID_05,77,30.5203612407,65.1004090686
ID_05,78,30.4549558873,63.5017787814
ID_05,79,50.4164772292,97.2696919618
ID_05,80,69.5250693831,93.5980502089
ID_05,81,69.5202566002,97.1938760167
ID_05,82,69.4989700668,92.1204899292
ID_05,83,69.5286156637,91.6220882409
ID_05,84,69.4997669273,84.47968329
ID_05,85,69.5038013697,81.8154056166
ID_05,86,69.4875893963,81.8359875567
ID_05,87,69.5191157281,71.1159672213
ID_05,88,69.5043762947,70.4934438205
ID_05,89,69.5125730109,61.497563947
ID_05,90,89.4942005622,62.2343269676
ID_05,91,89.5001240511,53.2163306165
ID_05,92,89.490246254,48.890796551
ID_05,93,89.49778562,46.6299066746
ID_05,94,89.5048511306,48.4234081578
ID_05,95,89.5010526463,43.3473436951
ID_05,96,89.4888412549,40.6250912209
ID_05,97,89.5016235276,45.8151791904
ID_05,98,89.497529662,33.901372671
ID_05,99,50.4390920216,37.670771798
ID_05,100,50.179850128,36.8075593352
ID_05,101,69.5050706711,33.7401525035
ID_05,102,69.5798670452,21.9352367455
ID_05,103,69.5064719492,22.7286628748
ID_05,104,69.4994788728,16.3374699821
ID_05,105,69.500264751,27.1360239942
ID_05,106,69.5041565157,23.6689181006
ID_05,107,69.5322795847,21.8509008151
ID_05,108,69.5001114942,11.7916260054
ID_05,109,69.5048154243,15.6143582625
ID_05,110,69.5034745234,17.1690897689
ID_05,111,50.3774019862,16.5060150613
ID_05,112,50.3394254813,18.7234506861
ID_05,113,50.0936501016,11.6077134241
ID_05,114,49.9341271714,22.2561397401
ID_05,115,50.2888186122,13.436410466
ID_05,116,50.2879944267,12.8722822086
ID_05,117,50.2347207,20.4044729196
ID_05,118,50.2797016367,15.608737571
ID_05,119,50.2530067222,11.3020842468
ID_05,120,50.4741411162,12.4619966676
ID_05,121,50.1084399725,18.2590443442
ID_05,122,49.919058249,3.7168538855
ID_05,123,50.0836645085,10.2358819024
ID_05,124,50.3522608355,12.4686005273
ID_05,125,50.4975722411,7.40962523419
ID_05,126,50.0163058346,16.2536847911
ID_05,127,50.4682212165,13.3567024555
ID_05,128,69.5506789842,9.03298756904
ID_05,129,69.5186727475,15.1804864298
ID_05,130,69.5034574098,16.8783132661
ID_05,131,69.4994868291,10.2078266798
ID_05,132,69.5275296829,9.99229666551
ID_05,133,69.5190952617,11.4226857018
ID_05,134,69.5618994268,15.9998037858
ID_05,135,69.5010445197,5.95583353945
ID_05,136,69.524635976,2.73476016988
ID_05,137,30.4995937106,26.0855615691
ID_05,138,30.487391709,19.7794703733
ID_05,139,89.5001804719,31.9789174357
ID_05,140,50.4102716314,98.6283694405
ID_05,141,50.3259243927,94.9946308528
ID_05,142,50.1040315041,95.0885380179
ID_06,1,32.3311102266,61.411101248
ID_06,2,53.4214628807,26.1868803879
ID_06,3,63.92020226,30.8321939163
ID_06,4,70.2895057187,82.5336485877
ID_06,5,34.1188302357,45.7345513203
ID_06,6,67.6707164012,37.110947969
ID_06,7,53.2591294055,97.4757710964
ID_06,8,63.5149808671,25.1000785788
ID_06,9,67.9805388133,80.9571652197
ID_06,10,67.3724659005,29.720400203
ID_06,11,15.5607495229,80.0656402858
ID_06,12,71.7907676942,71.0654666627
ID_06,13,70.2425464362,24.1095975542
ID_06,14,64.9374355444,81.5542049945
ID_06,15,62.2135245453,21.4758389969
ID_06,16,67.2694004772,18.7089683725
ID_06,17,40.5701970446,79.3729634752
ID_06,18,74.7411813341,21.1016372041
ID_06,19,71.7683189223,20.0110618423
ID_06,20,76.1669198143,75.9361704048
ID_06,21,65.6236574431,15.5828033531
ID_06,22,50.8506336394,13.9876016304
ID_06,23,33.0240700249,24.4678303872
ID_06,24,39.7063261674,84.2752871038
ID_06,25,45.5964849542,9.76334884943
ID_06,26,42.9680469104,17.9454583961
ID_06,27,52.4944067819,16.0511142003
ID_06,28,46.0822757831,23.1104578154
ID_06,29,74.2477082092,20.314187812
ID_06,30,64.5682641863,83.6396338956
ID_06,31,74.0216939058,76.1282745076
ID_06,32,62.3911805626,5.62307076073
ID_06,33,74.189036683,68.1335832223
ID_06,34,28.2367819396,56.1395964513
ID_06,35,75.7719387944,69.8292300322
ID_06,36,75.8552294691,62.5170442862
ID_06,37,65.9708570175,72.7448559954
ID_06,38,21.7780404779,6.61662530728
ID_06,39,67.7597962473,72.4212015285
ID_06,40,78.6171953363,52.5752573142
ID_06,41,68.5077081898,15.4569189652
ID_06,42,74.8850211598,25.4166063231
ID_06,43,66.4549036599,19.8366286542
ID_06,44,77.3178020985,48.3983464352
ID_06,45,58.9124603193,75.6677562173
ID_06,46,57.617447817,8.19480060319
ID_06,47,76.0882257967,59.6799300235
ID_06,48,57.4660505497,1.50441817488
ID_06,49,79.4283834934,45.2107942872
ID_06,50,76.3565221496,10.4182411281
ID_06,51,64.4050752632,78.5841760758
ID_06,52,40.6350418091,73.3947503698
ID_06,53,43.9498645857,75.9587156671
ID_06,54,30.9962205791,71.694404938
ID_06,55,68.2307689907,80.8725016628
ID_06,56,72.0463894612,12.9180067349
ID_06,57,46.5927679682,84.9723827774
ID_06,58,49.2572183396,81.8814032306
ID_06,59,42.7817612539,12.9911884302
ID_06,60,65.475952195,14.2745856444
ID_06,61,71.9650826544,17.7102359443
ID_06,62,32.1464623358,43.4817094425
ID_06,63,31.8384976954,71.8121653901
ID_06,64,31.0052582572,40.682503007
ID_06,65,80.4708943189,49.5021483467
ID_06,66,71.9641671122,41.8742826668
ID_06,67,78.0794214417,93.1333167652
ID_06,68,41.6775957748,30.2012640846
ID_06,69,65.953595185,31.1474060835
ID_06,70,62.9344593731,31.9163906992
ID_06,71,64.3737979844,28.8625834061
ID_06,72,72.5093283599,39.5401302526
ID_06,73,30.0522898741,96.6175423534
ID_06,74,28.0033242354,46.6721919544
ID_06,75,75.4012268619,88.6390766207
ID_06,76,38.9800154218,87.322160691
ID_06,77,65.2199135479,84.6829549336
ID_06,78,73.0539899616,29.3808085571
ID_06,79,34.3983616372,59.5444469033
ID_06,80,43.4904501336,40.782542065
ID_06,81,55.138737967,30.7257603575
ID_06,82,43.6843934333,32.8230098696
ID_06,83,35.9036097344,91.1118630801
ID_06,84,45.3780188805,29.1692166544
ID_06,85,39.7774828713,43.75581895
ID_06,86,38.6644611569,33.3172384774
ID_06,87,39.0440366877,84.6760108316
ID_06,88,91.6399614428,79.4066030605
ID_06,89,47.4881326771,85.3899333808
ID_06,90,44.5902125769,22.0340116412
ID_06,91,39.0896145478,70.4661940802
ID_06,92,42.2293783752,19.9140684075
ID_06,93,37.0003871448,60.264279248
ID_06,94,39.0520864793,70.6525028457
ID_06,95,37.4884147432,60.8144048511
ID_06,96,69.3595594592,65.5213545959
ID_06,97,43.542775926,62.4603112824
ID_06,98,39.8112302539,65.3348328092
ID_06,99,70.0689259404,7.59346560899
ID_06,100,70.0405435824,77.1438066024
ID_06,101,39.505789079,74.8516272173
ID_06,102,62.5168908529,66.4847322418
ID_06,103,72.1399254065,0.0151193251552
ID_06,104,45.2515760666,70.0034213192
ID_06,105,42.0633045627,2.33519661206
ID_06,106,36.3556951539,6.0058486497
ID_06,107,30.3918276596,42.75961287
ID_06,108,36.4490038543,50.5462690659
ID_06,109,40.467576002,60.0275120878
ID_06,110,81.7246168002,6.03754484635
ID_06,111,48.8231974964,76.6353305783
ID_06,112,35.6205617651,57.2860155789
ID_06,113,50.5839631148,71.8066161014
ID_06,114,61.8564651063,71.7927431642
ID_06,115,39.3237560262,59.3008196656
ID_06,116,42.1856791429,66.0348978235
ID_06,117,30.8469189898,37.3416401041
ID_06,118,29.3462004281,42.1487418312
ID_06,119,82.1105579783,1.21055166293
ID_06,120,38.3020058088,60.0177857932
ID_06,121,56.5841530218,70.512514809
ID_06,122,33.3393742865,0.5091067352
ID_06,123,78.7742390407,35.4841012146
ID_06,124,27.9226442446,25.9868781844
ID_06,125,71.6978651182,10.8681445111
ID_06,126,74.1383313856,49.1739189791
ID_06,127,32.579020066,1.80811559665
ID_06,128,59.83218542,69.1525081443
ID_06,129,35.0306285457,12.5366493416
ID_06,130,74.3001198284,42.4770945921
ID_06,131,63.2501970628,65.9524861966
ID_06,132,34.1730737648,25.6936743092
ID_06,133,40.9138319319,38.5590195509
ID_06,134,62.8332930874,62.5108942269
ID_06,135,42.4767923803,56.7312899691
ID_06,136,52.0334562787,64.5666620298
ID_06,137,48.9070429644,74.2877488252
ID_06,138,59.8518383854,72.9583909677
ID_06,139,48.9604602016,72.6295257275
ID_06,140,46.8448551673,36.7917136918
ID_06,141,39.9630215796,42.9449148487
ID_06,142,66.704943997,32.0150954299
ID_07,1,53.366566866,90.2080300059
ID_07,2,52.8019793617,90.0880645063
ID_07,3,47.0541298828,90.458936026
ID_07,4,42.4484337816,89.5077001153
ID_07,5,42.7040363241,90.4426288607
ID_07,6,32.3789386326,90.144142631
ID_07,7,32.5307027362,70.1573965085
ID_07,8,33.3652644305,70.4593354392
ID_07,9,32.6560991775,70.0510704992
ID_07,10,22.9550932697,70.4268951523
ID_07,11,27.1498436318,70.2108058428
ID_07,12,26.1669092779,70.5003151212
ID_07,13,26.3314570795,50.494556525
ID_07,14,22.0037091415,50.4994401238
ID_07,15,23.2847479782,50.4743528321
ID_07,16,27.6340383923,50.5036668574
ID_07,17,32.0371080007,50.5000661229
ID_07,18,29.3365106528,50.461893969
ID_07,19,40.816953133,50.4877601957
ID_07,20,42.7390751173,50.483155992
ID_07,21,51.8678937691,50.4932732621
ID_07,22,43.3710018924,50.5008373234
ID_07,23,53.0427983006,50.4875038691
ID_07,24,56.6189102967,50.5033740178
ID_07,25,70.568289819,50.4962361243
ID_07,26,67.870887292,70.0680261345
ID_07,27,58.8215465891,70.4557817483
ID_07,28,60.1869278445,70.4835512458
ID_07,29,59.4355174849,50.4206326073
ID_07,30,49.5858434795,50.4349813825
ID_07,31,41.7797417848,50.4706422808
ID_07,32,46.1276863394,30.4494107792
ID_07,33,38.0337837705,50.4908995189
ID_07,34,44.5468412844,50.4159133758
ID_07,35,46.2381175975,30.4956129408
ID_07,36,49.7397453317,30.4727248868
ID_07,37,39.1102518936,30.4786951789
ID_07,38,39.1428377913,30.7928559394
ID_07,39,34.6254702671,30.4997410297
ID_07,40,34.7542074707,30.4958650002
ID_07,41,36.7537002386,50.5293043035
ID_07,42,37.0193512929,50.4926666972
ID_07,43,41.4171152753,50.4697734181
ID_07,44,22.8171074784,30.4360403387
ID_07,45,34.800701463,30.4979313851
ID_07,46,27.8918897953,30.4849702595
ID_07,47,32.8706391587,30.5023417488
ID_07,48,37.7940494081,30.4926383364
ID_07,49,35.6673163042,30.522035054
ID_07,50,48.4422995026,30.5017227753
ID_07,51,58.6693732631,30.5068378948
ID_07,52,47.9169554375,30.4867257545
ID_07,53,51.8941663939,30.494755684
ID_07,54,51.7490891643,30.4729933399
ID_07,55,58.2465530013,50.4428744949
ID_07,56,57.3106968674,50.4825132895
ID_07,57,67.9680481127,50.4521589097
ID_07,58,65.9493192681,50.494240794
ID_07,59,55.7470928102,50.4789748003
ID_07,60,68.4030100436,50.4986272318
ID_07,61,76.696465628,50.4938305609
ID_07,62,67.2148371159,70.2600284356
ID_07,63,72.3020057291,70.2204373812
ID_07,64,66.7632573944,70.4738617113
ID_07,65,51.6803004439,89.9970275485
ID_07,66,53.0965573571,89.540243712
ID_07,67,42.2422929389,89.7085785936
ID_07,68,56.2338756577,89.635308157
ID_07,69,54.6809865825,89.9645994589
ID_07,70,57.9026866088,89.6184017294
ID_07,71,51.8202625467,89.8341303987
ID_07,72,56.8283953362,89.5836647251
ID_07,73,58.2722785867,69.9002729578
ID_07,74,51.8281274487,70.3526492053
ID_07,75,44.8499842618,70.3952029719
ID_07,76,24.2703823928,50.4855676918
ID_07,77,34.7424714403,70.3399348879
ID_07,78,37.7993149267,70.4695358763
ID_07,79,49.7869410649,89.6580469945
ID_07,80,59.751497414,89.7319325216
ID_07,81,64.7747992444,90.132316736
ID_07,82,70.8444476004,89.9242090159
ID_07,83,70.6059455116,90.042061963
ID_07,84,78.6424883907,89.5512032307
ID_07,85,70.810692254,89.5926540118
ID_07,86,66.7699466213,70.4233752108
ID_07,87,73.3363681612,70.3169271705
ID_07,88,73.1051481627,70.300511881
ID_07,89,74.6782541432,70.4453141903
ID_07,90,80.240250951,70.3543089613
ID_07,91,70.9468490729,50.4727017878
ID_07,92,88.6626638086,50.4553260208
ID_07,93,84.405952832,50.4948658866
ID_07,94,75.9871047068,50.4919669557
ID_07,95,91.1120854191,50.489389393
ID_07,96,98.2881232748,30.603919371899998
ID_07,97,95.0652748396,30.5004028652
ID_07,98,95.2492339568,30.4594542144
ID_07,99,49.6561262881,50.4313198677
ID_07,100,63.0186009279,30.4925819262
ID_07,101,70.5382006004,30.4835582526
ID_07,102,70.0868697658,30.5100448173
ID_07,103,62.6856904424,30.5464245575
ID_07,104,69.239417959,30.5060052447
ID_07,105,80.4002336791,30.4850063746
ID_07,106,74.6478782284,30.6738628584
ID_07,107,65.9952727194,30.4750241915
ID_07,108,67.0885590036,30.4945239508
ID_07,109,59.8525770283,10.5431877763
ID_07,110,53.7489900744,10.5225745323
ID_07,111,58.2390955164,10.4948990284
ID_07,112,54.810300495,10.7249292845
ID_07,113,52.9767123211,10.859490276
ID_07,114,52.2038939272,10.4956369212
ID_07,115,50.7451622429,10.5249055723
ID_07,116,42.7131936166,10.4875472428
ID_07,117,45.3172255098,10.4958733944
ID_07,118,53.116915041,10.5068605973
ID_07,119,57.049801823,10.5081369414
ID_07,120,54.8546309465,10.4639151924
ID_07,121,54.9248425638,10.498331942
ID_07,122,63.3095540306,10.4888142392
ID_07,123,49.7494984129,10.4858029097
ID_07,124,41.1693104232,10.4973002433
ID_07,125,46.6883404976,10.5075321353
ID_07,126,52.4189219215,10.4959063596
ID_07,127,50.8784883796,10.5030898746
ID_07,128,57.0533061394,10.5140692392
ID_07,129,70.7864511597,10.5136950409
ID_07,130,56.7721495656,10.5032723508
ID_07,131,75.4772220231,10.5185680355
ID_07,132,76.7659121498,10.496999064
ID_07,133,77.621049129,10.4958742318
ID_07,134,65.4144870523,10.6818401251
ID_07,135,69.9647805002,10.5072329326
ID_07,136,64.9697382623,10.4821595117
ID_07,137,38.0502407785,30.4079460343
ID_07,138,42.2241202189,30.4980371582
ID_07,139,87.6984642949,50.4899365296
ID_07,140,52.3603310701,89.7043170068
ID_07,141,51.4067867898,89.7121385499
ID_07,142,43.588468468,89.7455365536
ID_08,1,57.6132335477,83.9051707998
ID_08,2,51.2743918205,82.8179829379
ID_08,3,50.7538984114,76.7541289533
ID_08,4,37.0211840116,81.954469997
ID_08,5,42.8817550897,80.1847700514
ID_08,6,37.1557104777,84.9541114129
ID_08,7,38.7318581261,83.7893564281
ID_08,8,31.0005254108,82.5794805962
ID_08,9,25.9854996226,74.3493875478
ID_08,10,23.7145662909,75.0980490792
ID_08,11,23.077319507,71.7205396747
ID_08,12,24.9391368744,72.5802858084
ID_08,13,17.8934987136,71.1096873431
ID_08,14,23.6730818572,64.8708391385
ID_08,15,23.7490719056,63.557171895
ID_08,16,32.2151786343,65.6009580191
ID_08,17,29.4368412489,67.5545281141
ID_08,18,40.0500951983,71.8890335708
ID_08,19,37.5747950188,69.9887444412
ID_08,20,49.3104686263,67.1687603206
ID_08,21,47.3480185524,72.5916115408
ID_08,22,50.157414434,71.1617258246
ID_08,23,58.2100082697,68.0445380719
ID_08,24,56.6089076561,70.4089460888
ID_08,25,52.8338205303,72.5518862725
ID_08,26,61.8185854576,76.1128240228
ID_08,27,61.7276334143,77.0692384058
ID_08,28,62.1922520815,76.1568192103
ID_08,29,58.1187658587,73.1189614684
ID_08,30,58.2704123843,35.5968950425
ID_08,31,59.7665303129,32.6212516009
ID_08,32,52.5355347207,27.1741229419
ID_08,33,50.8925215809,29.1452839382
ID_08,34,49.9675511775,28.4602033343
ID_08,35,51.3478832298,27.3642602259
ID_08,36,37.5551162883,24.5376638386
ID_08,37,39.1995941778,23.6804956588
ID_08,38,36.3827221955,25.2380052325
ID_08,39,41.1006943822,26.5526132161
ID_08,40,28.2178118248,28.2802924847
ID_08,41,33.7970720433,28.6997507433
ID_08,42,43.9193873055,27.7978445882
ID_08,43,44.4164011084,28.9476923345
ID_08,44,28.0376027706,26.8038243613
ID_08,45,31.6895761296,26.6664002089
ID_08,46,27.2796128523,19.2572809685
ID_08,47,31.2218783581,26.4408557812
ID_08,48,33.5458051034,20.0807081014
ID_08,49,39.7363306065,23.4948069772
ID_08,50,42.8418426525,20.3339004396
ID_08,51,47.0937298879,26.9934706312
ID_08,52,51.4536583539,26.0229417521
ID_08,53,49.3677068167,22.005580703
ID_08,54,48.2534809736,29.2708555331
ID_08,55,61.0029597643,30.0153144324
ID_08,56,60.8065608049,27.8683134861
ID_08,57,59.0674270249,26.7882840217
ID_08,58,61.4146337175,31.0393750583
ID_08,59,68.934369469200007,31.6198930866
ID_08,60,63.0652438592,34.2357465852
ID_08,61,72.2725228706,67.6444437851
ID_08,62,75.3598819664,75.4216145799
ID_08,63,72.8336258709,72.1146938095
ID_08,64,70.8104148392,79.3504618327
ID_08,65,45.8019347617,81.6582677456
ID_08,66,45.835020171,82.7425919919
ID_08,67,40.0788064496,80.2471852579
ID_08,68,51.9829247003,82.2043834675
ID_08,69,57.337906053,84.9995188696
ID_08,70,62.3362327624,83.2465678988
ID_08,71,58.5059100905,81.7455863409
ID_08,72,56.2479351377,83.513949493
ID_08,73,55.4065208295,80.2666719669
ID_08,74,53.2839688423,84.2635992213
ID_08,75,44.6767615455,80.2382855483
ID_08,76,30.0112642472,68.1467563743
ID_08,77,29.7452539206,74.4045268347
ID_08,78,37.3099483549,72.5861552003
ID_08,79,61.1359469093,82.5375693646
ID_08,80,61.7206191907,85.7056934492
ID_08,81,63.6093798555,83.3600288362
ID_08,82,70.7237162322,87.1522075165
ID_08,83,75.0063926418,82.4258351563
ID_08,84,75.0925497814,83.4373907092
ID_08,85,70.3279291834,82.0293546968
ID_08,86,70.8633308324,79.4081747457
ID_08,87,75.7799048195,79.8861994199
ID_08,88,78.0936590733,77.759558184
ID_08,89,76.7457612243,71.9733600919
ID_08,90,78.4646034437,69.7493008209
ID_08,91,76.7456848486,70.0440572588
ID_08,92,85.161682187,65.5124047088
ID_08,93,91.8083525691,34.9655944844
ID_08,94,91.8874485924,34.7692538555
ID_08,95,92.2484016622,32.3771544295
ID_08,96,91.782532741,34.3842946521
ID_08,97,96.0805193672,28.0536005018
ID_08,98,92.2478988278,28.0707514904
ID_08,99,57.662276619,24.0606079328
ID_08,100,59.8469248931,26.1777124879
ID_08,101,64.0670962137,27.7765005568
ID_08,102,60.9815013975,23.9342981582
ID_08,103,59.9670579092,26.8025832185
ID_08,104,62.7074541119,21.9955085787
ID_08,105,69.1952352018,22.709792166
ID_08,106,65.5923626471,20.6941731019
ID_08,107,64.6170985343,22.4431455531
ID_08,108,59.191159132,17.767901807
ID_08,109,55.8396313724,21.6185696663
ID_08,110,59.0007586238,21.1710074885
ID_08,111,56.4593711284,25.1445642082
ID_08,112,52.3581053558,19.4170541222
ID_08,113,51.8116637782,17.0334945954
ID_08,114,54.222845621,19.503665544
ID_08,115,49.0187553996,23.4892740197
ID_08,116,35.6535812004,17.5145080595
ID_08,117,46.965785757,16.7892016247
ID_08,118,49.5842392555,16.7579160147
ID_08,119,51.8562999655,21.969084007
ID_08,120,55.9528886329,16.7897576048
ID_08,121,51.6637862607,19.9251251977
ID_08,122,45.8596693166,17.1289036754
ID_08,123,39.7403795202,18.7410514146
ID_08,124,52.8112216438,17.8549881176
ID_08,125,56.7891043639,17.3061155207
ID_08,126,54.1145317806,17.6735343896
ID_08,127,55.571119732,17.369574581
ID_08,128,65.3064624975,18.1973548277
ID_08,129,66.9907491546,17.2228706509
ID_08,130,72.1567189391,16.8142747914
ID_08,131,70.9805804021,17.15575228
ID_08,132,72.2220822073,19.3692816955
ID_08,133,79.7001583481,20.740218365
ID_08,134,64.2491606461,14.9139624607
ID_08,135,66.9432914334,20.1891325034
ID_08,136,66.9416766634,18.2435093914
ID_08,137,39.6482666468,22.7313663718
ID_08,138,37.9497836858,26.5217492344
ID_08,139,86.5043905611,34.8940252874
ID_08,140,50.8154853559,78.950838805
ID_08,141,51.1834666638,85.1288546497
ID_08,142,40.8638552293,82.9261452983
ID_09,1,58.2136082599,91.881891513
ID_09,2,58.1960536923,92.2149886482
ID_09,3,58.7182307185,90.310532087
ID_09,4,57.27837287,89.9076067166
ID_09,5,58.082020494,92.0081450101
ID_09,6,57.4894477748,88.0852855629
ID_09,7,28.088741319,63.5107944263
ID_09,8,28.0854682136,63.5901969481
ID_09,9,28.087273053,63.1232828116
ID_09,10,27.5780252176,62.8210386566
ID_09,11,27.7799191139,63.518147517
ID_09,12,28.5889998149,63.0240805653
ID_09,13,28.7391414969,62.7208638859
ID_09,14,27.0246032407,62.9018588649
ID_09,15,28.8013366963,63.389040388
ID_09,16,27.186463838,63.5587296478
ID_09,17,29.2851466002,63.3836058254
ID_09,18,39.4029453026,51.1508571967
ID_09,19,28.8113284396,61.3578540576
ID_09,20,34.3039579069,56.5421259093
ID_09,21,29.6027609801,60.157346722
ID_09,22,49.1161568603,63.6600006211
ID_09,23,39.6175458263,62.9251879574
ID_09,24,43.23308466,63.1652187223
ID_09,25,64.8927879422,65.8141767574
ID_09,26,62.4901493154,74.5842896072
ID_09,27,68.9880844294,63.232147305
ID_09,28,62.1056186306,75.9908707599
ID_09,29,32.4618467439,62.8819029189
ID_09,30,41.3272006535,49.0702512739
ID_09,31,44.0071499323,46.4496737846
ID_09,32,44.0740606888,34.5532038906
ID_09,33,44.0013152386,33.9042073544
ID_09,34,45.0063004454,38.2990195507
ID_09,35,44.4438406096,36.0190833012
ID_09,36,42.1787133986,26.492119482
ID_09,37,44.0445656189,35.6622382764
ID_09,38,41.6404540171,27.0930954213
ID_09,39,41.9383300069,24.9915229793
ID_09,40,44.0539275103,33.5563924949
ID_09,41,39.2067193308,51.5337156971
ID_09,42,28.7044492315,61.7775254006
ID_09,43,31.7086628996,58.837754374
ID_09,44,42.8117114739,30.0204484197
ID_09,45,43.300614891,31.5264261979
ID_09,46,40.3986329069,16.3470083822
ID_09,47,40.4356915763,20.2326706762
ID_09,48,40.9365466658,16.9130048364
ID_09,49,39.6615736653,15.609355577
ID_09,50,40.899259175,20.7985289466
ID_09,51,41.9686168283,26.4970725985
ID_09,52,40.3834058238,21.3912255247
ID_09,53,56.5381264538,32.4442454697
ID_09,54,52.9706912828,29.0401966941
ID_09,55,54.6209525885,30.3445244537
ID_09,56,65.0990443941,27.2415575588
ID_09,57,63.0559909076,29.7090956748
ID_09,58,70.9601362323,41.2595012867
ID_09,59,69.8958192404,43.4537592655
ID_09,60,70.5958928563,41.9647438672
ID_09,61,69.6470214273,44.044445022
ID_09,62,77.392982494,63.3714590552
ID_09,63,64.4007871926,67.4487184472
ID_09,64,63.8689598271,70.2137388333
ID_09,65,56.5944213157,86.9270062202
ID_09,66,56.5313372853,87.4998110713
ID_09,67,59.6521583697,87.8094615921
ID_09,68,56.6365087005,85.637495556
ID_09,69,58.6722880025,90.077160307
ID_09,70,58.2216127264,90.4110187715
ID_09,71,57.9146644768,89.9538027677
ID_09,72,55.3155090581,80.2518606944
ID_09,73,54.5757285877,77.5362884724
ID_09,74,54.4130936504,78.2290865878
ID_09,75,55.0745059041,79.8175464166
ID_09,76,29.4329605156,60.8017765444
ID_09,77,29.4226860665,63.0684648229
ID_09,78,29.0056141576,63.3907513334
ID_09,79,58.4618385916,90.2653263904
ID_09,80,57.997804739,92.1599086113
ID_09,81,57.5494740761,90.7489065581
ID_09,82,59.5299284566,88.3272741451
ID_09,83,58.2493910631,92.1296814778
ID_09,84,58.0245140126,91.6944211685
ID_09,85,58.3821244904,90.5534760692
ID_09,86,62.5667590405,77.7439347591
ID_09,87,72.1758243064,63.1289294176
ID_09,88,79.4727615693,63.4086861199
ID_09,89,80.3577008812,63.2954375404
ID_09,90,78.7572361375,53.3326200111
ID_09,91,82.5402395934,56.5410522935
ID_09,92,86.4358971909,59.7927618087
ID_09,93,79.4886844186,53.6516742641
ID_09,94,81.5304203188,56.0253645659
ID_09,95,79.1867885665,53.2347918468
ID_09,96,77.8990579454,51.8224583343
ID_09,97,75.1307142075,23.3724419733
ID_09,98,76.0580137544,16.383749688200002
ID_09,99,57.6146743876,33.8224476502
ID_09,100,56.1713975295,32.1179887719
ID_09,101,66.2878905956,26.1171097453
ID_09,102,67.8817196169,24.2360184109
ID_09,103,64.0280813016,27.6726855125
ID_09,104,77.4966517463,14.9485235577
ID_09,105,77.6346517616,14.461853927
ID_09,106,77.8637264289,14.6106776491
ID_09,107,77.3381581659,15.890054658
ID_09,108,76.1804165329,15.9125737458
ID_09,109,77.2526510945,15.1515170246
ID_09,110,77.4133752817,15.2219279762
ID_09,111,76.7318493982,16.2168461441
ID_09,112,49.471105411800004,25.0630193062
ID_09,113,42.4765399431,18.3384735636
ID_09,114,43.5951158622,19.9942009773
ID_09,115,50.3399696652,26.4713966117
ID_09,116,40.7489802561,16.1821416622
ID_09,117,38.3865255803,14.5802151464
ID_09,118,38.4040152085,14.4519484496
ID_09,119,38.7642788913,14.3655904744
ID_09,120,41.4701423265,17.2780334445
ID_09,121,47.1554048146,22.3779325323
ID_09,122,39.5825667453,17.6484528361
ID_09,123,41.7402438167,17.8293243101
ID_09,124,39.3118718889,15.6407169743
ID_09,125,41.6798476925,17.7459190133
ID_09,126,39.0874644519,15.1223039378
ID_09,127,41.4815028637,18.0474374446
ID_09,128,77.6060865492,15.1628725383
ID_09,129,75.9826615205,16.3069223786
ID_09,130,76.9457572424,15.858478334
ID_09,131,77.5437200743,15.253949149
ID_09,132,77.5847398447,15.8300393854
ID_09,133,76.8223042562,15.5951653195
ID_09,134,77.3485716647,15.7745292395
ID_09,135,77.5731526867,14.7806458332
ID_09,136,77.9726106776,14.9556987461
ID_09,137,41.5289197586,24.9164251896
ID_09,138,43.7225508034,19.0773278036
ID_09,139,79.3260781751,52.9003912897
ID_09,140,56.6639740815,87.9401250067
ID_09,141,57.8217892319,90.6931665489
ID_09,142,58.2431718991,92.1043278652
ID_10,1,55.9930301513,79.2772636977
ID_10,2,50.0322537946,79.013071199
ID_10,3,51.2884586593,82.4359398425
ID_10,4,51.1705368873,79.1652941091
ID_10,5,44.3779145287,78.1646280036
ID_10,6,45.0102700721,77.8808631153
ID_10,7,48.559816719,78.7883706035
ID_10,8,42.1422682922,76.8806345544
ID_10,9,41.0269715735,76.4095884613
ID_10,10,34.5753090115,72.7248411845
ID_10,11,31.1686007236,69.2454213193
ID_10,12,32.6442540714,70.7325550334
ID_10,13,26.6666456539,62.9809712052
ID_10,14,26.4592623274,62.6346733709
ID_10,15,25.5380076465,60.6302361093
ID_10,16,26.3207111933,62.3962811186
ID_10,17,26.1633874648,62.0268148985
ID_10,18,25.2137904611,60.2733986018
ID_10,19,26.8595295604,63.1418346727
ID_10,20,31.7606691716,69.7976553936
ID_10,21,39.7932905744,75.8079642168
ID_10,22,45.6174391854,78.1199702277
ID_10,23,53.7714606827,79.3029316435
ID_10,24,56.4514336733,79.2471070208
ID_10,25,66.0937201989,77.0178182606
ID_10,26,56.9258394194,79.2063186226
ID_10,27,58.9882538467,78.9172589554
ID_10,28,57.9022660533,79.0808678187
ID_10,29,64.8128669568,77.4869389235
ID_10,30,60.3497935166,78.7294458673
ID_10,31,48.890555756,16.8065435154
ID_10,32,47.549506348,17.0714045245
ID_10,33,30.8894308257,26.3290372348
ID_10,34,28.972835724,29.0504689185
ID_10,35,35.1613607523,22.7868496473
ID_10,36,45.8703691685,17.4893933655
ID_10,37,32.8314206076,24.7975381459
ID_10,38,39.4855747899,20.0330500489
ID_10,39,33.4461829314,24.1906434075
ID_10,40,21.8635812756,46.0525933457
ID_10,41,25.1658708449,35.7666139539
ID_10,42,22.9594789762,51.2877067934
ID_10,43,25.5860552415,60.8465833585
ID_10,44,26.3143100672,33.2971681038
ID_10,45,33.037301251,24.5644624921
ID_10,46,36.4688894772,21.8761144725
ID_10,47,26.5135531009,32.9187498178
ID_10,48,36.0270912125,22.1954385395
ID_10,49,42.6810404129,18.5425361977
ID_10,50,45.0410771273,17.7345177303
ID_10,51,47.3524164557,17.1347454264
ID_10,52,53.8461940322,16.3873180961
ID_10,53,55.1296393835,16.3532468711
ID_10,54,52.188119961699996,16.4182174652
ID_10,55,58.6726630845,16.6633724322
ID_10,56,82.1443116037,33.1952218669
ID_10,57,75.6865711383,24.7415103908
ID_10,58,85.344964503,52.886419866
ID_10,59,83.8446535127,58.6160602305
ID_10,60,85.66476066,45.5427527692
ID_10,61,77.931004934,68.6900618808
ID_10,62,73.0318330209,73.12057473
ID_10,63,70.1028044999,75.6832068542
ID_10,64,57.1446946889,79.1941025922
ID_10,65,46.9624619942,78.6665589963
ID_10,66,50.5649338128,79.0772985529
ID_10,67,53.7196765696,79.306936167
ID_10,68,54.2002323226,79.3250023354
ID_10,69,47.875198343,78.6758534295
ID_10,70,51.4734585149,79.1598669963
ID_10,71,52.7512222162,79.2936599344
ID_10,72,48.5622230047,78.7823835275
ID_10,73,53.0812416908,79.2972507654
ID_10,74,56.475383374,79.1678400979
ID_10,75,49.570911405,79.0381238831
ID_10,76,37.6277032991,74.5575043418
ID_10,77,32.2637000863,70.3166389012
ID_10,78,32.542380336,70.7024172063
ID_10,79,52.8250171923,85.5781338795
ID_10,80,58.5282895407,78.9787042541
ID_10,81,56.265834263,79.2529394854
ID_10,82,57.0758924193,79.1939225382
ID_10,83,54.2564023808,79.3138648504
ID_10,84,62.6856712475,78.1747432719
ID_10,85,68.0856058616,76.1123175001
ID_10,86,65.1181219632,77.3991884543
ID_10,87,68.7456312971,75.7900554548
ID_10,88,63.0902251412,78.041409495
ID_10,89,77.2045893204,69.3121497658
ID_10,90,82.0339084758,62.6818697859
ID_10,91,81.5779459183,63.8949255005
ID_10,92,85.1801432805,53.7816766607
ID_10,93,84.2868249936,57.2561680896
ID_10,94,85.6224867126,45.0241658646
ID_10,95,85.6044990156,50.7623379055
ID_10,96,84.4247858276,38.761410164
ID_10,97,85.570985078,44.5600964397
ID_10,98,84.6267242006,39.4870775084
ID_10,99,73.3961549252,22.8162479426
ID_10,100,73.5074477338,22.8569887644
ID_10,101,63.3564881135,17.7240688424
ID_10,102,72.9590468722,22.5114998325
ID_10,103,64.0208416469,17.8835812521
ID_10,104,61.124463241,17.1163533592
ID_10,105,75.6742073297,24.7825009657
ID_10,106,69.5135831574,20.2793578927
ID_10,107,58.5721354669,16.642703808
ID_10,108,70.9819409865,21.1458881039
ID_10,109,65.2230303973,18.3971951223
ID_10,110,65.3150439093,18.3337482986
ID_10,111,64.0102406778,17.9244781912
ID_10,112,57.1409359294,16.5986105437
ID_10,113,56.3651532552,16.3265463742
ID_10,114,43.046183241,18.4025593948
ID_10,115,52.0817555582,16.4538745312
ID_10,116,42.8790365154,18.4894110252
ID_10,117,51.5669948027,16.4857136372
ID_10,118,58.8391251216,16.6376352154
ID_10,119,60.7557891374,17.0332315064
ID_10,120,54.7611561181,16.3661890954
ID_10,121,53.5699050003,16.3397125506
ID_10,122,48.9146182416,16.7986370826
ID_10,123,52.6461373069,16.3848363836
ID_10,124,49.8384929905,16.6763302777
ID_10,125,52.6840664009,16.4079627826
ID_10,126,65.8072190346,18.1407649473
ID_10,127,60.6739209233,17.0518023644
ID_10,128,63.394712866,17.7005351354
ID_10,129,64.8020094467,18.2168786335
ID_10,130,65.0259398087,18.2878245002
ID_10,131,65.7555515404,18.5162158303
ID_10,132,69.9677341245,20.5389887758
ID_10,133,68.8927840241,20.0324488429
ID_10,134,61.8265465579,17.2696554452
ID_10,135,60.7879700808,17.0462048583
ID_10,136,61.9156096372,17.2821912228
ID_10,137,45.0289975331,17.7244473049
ID_10,138,39.9213628084,19.7018495281
ID_10,139,84.7942778751,55.5686503735
ID_10,140,55.6629587449,83.3564796243
ID_10,141,50.4922475132,78.997532065
ID_10,142,51.4671011416,79.2018445773
ID_11,1,38.3377571839,92.472719051
ID_11,2,35.7518707905,94.1167680276
ID_11,3,32.7672179591,88.5182945794
ID_11,4,33.7296067755,88.622265789
ID_11,5,37.238249327,83.7249284144
ID_11,6,36.0271982243,82.0407806505
ID_11,7,39.2392807768,79.2637238398
ID_11,8,39.7845249391,82.2605658962
ID_11,9,35.1660293896,84.1564919839
ID_11,10,40.622115916,78.5421042089
ID_11,11,39.181907086,79.8190371976
ID_11,12,42.4308889944,75.1336346406
ID_11,13,43.0812558617,75.3467016413
ID_11,14,44.360719434400004,70.4742070546
ID_11,15,44.3247788435,71.0459044019
ID_11,16,47.552160202,66.4604037217
ID_11,17,48.6649246215,64.9610049438
ID_11,18,46.280631958,68.0284231525
ID_11,19,50.5632444849,62.6238279659
ID_11,20,52.6309642318,59.9639357915
ID_11,21,54.6362064446,57.4938424367
ID_11,22,51.346027139,61.6005530364
ID_11,23,57.134855354,53.8779658045
ID_11,24,54.1712415737,58.0598078952
ID_11,25,50.9423823071,62.0973939351
ID_11,26,66.512924456,59.0712818478
ID_11,27,64.3979095023,56.1748754008
ID_11,28,68.686593294,62.2373439902
ID_11,29,65.0277937057,57.0962573525
ID_11,30,53.3045031712,40.883844549
ID_11,31,52.9451780881,40.3846256942
ID_11,32,45.225738199,30.5552259226
ID_11,33,50.8433046202,37.7446280981
ID_11,34,49.6592939398,36.273442735
ID_11,35,47.1427889348,32.0250641734
ID_11,36,41.2700565259,21.7218171465
ID_11,37,47.1301271555,31.3099029222
ID_11,38,40.9159715783,23.5415923929
ID_11,39,38.6601639737,21.6895496369
ID_11,40,42.6125508262,24.195053774
ID_11,41,41.2090395008,24.1287091891
ID_11,42,50.6492211499,37.4837907435
ID_11,43,52.1319019406,39.3646020815
ID_11,44,39.7972712705,16.083549649
ID_11,45,43.5498814807,24.3072109395
ID_11,46,36.7146633371,17.3818098572
ID_11,47,37.2246101278,17.9800644828
ID_11,48,40.5124478537,22.9622145725
ID_11,49,40.2220627884,20.6146217044
ID_11,50,44.1249612057,23.3662452858
ID_11,51,42.3462616039,24.5583269437
ID_11,52,44.1890843708,28.772625473
ID_11,53,45.8142453101,31.056979672
ID_11,54,46.6431192691,31.4072190618
ID_11,55,52.1898883047,39.3677964938
ID_11,56,51.1003173587,38.095699984
ID_11,57,65.4008341477,42.6140320392
ID_11,58,64.8520398267,43.1337348404
ID_11,59,63.4038060118,44.847493688
ID_11,60,65.3715488709,42.6959713164
ID_11,61,61.9080397046,53.1903520694
ID_11,62,71.8266529973,65.6862303604
ID_11,63,72.6546231621,66.8782776113
ID_11,64,76.8885781632,72.1654720777
ID_11,65,43.7446196844,71.2679610751
ID_11,66,39.0542484428,83.1190207043
ID_11,67,39.9316746322,79.9391880033
ID_11,68,39.762826107,76.4059674459
ID_11,69,41.323383287,80.2118685969
ID_11,70,41.7873232275,83.9880779935
ID_11,71,39.7556490651,79.6570966361
ID_11,72,40.7498793985,77.204657286
ID_11,73,43.8568984983,77.6098436482
ID_11,74,42.3678224956,73.6382718294
ID_11,75,39.4629598364,78.459973898
ID_11,76,44.5173339492,70.3693498252
ID_11,77,41.6360929963,76.2492229205
ID_11,78,45.4229321817,69.0955016709
ID_11,79,42.0028562742,97.8376147235
ID_11,80,76.1056290282,95.3049805754
ID_11,81,79.2025626772,92.4072156264
ID_11,82,84.8482440854,95.4248045304
ID_11,83,81.5644753207,83.7929072262
ID_11,84,85.4461864009,83.0782938448
ID_11,85,80.3124913784,76.5162389518
ID_11,86,80.7662322969,79.8960656796
ID_11,87,82.6701124763,81.711479845
ID_11,88,77.1636254828,73.5237189623
ID_11,89,74.0707000309,68.4795642895
ID_11,90,74.1142308687,71.9263635185
ID_11,91,68.942075458,62.635150577
ID_11,92,73.2420023309,67.3532711288
ID_11,93,71.8670131631,34.3291575887
ID_11,94,71.5691888532,34.699218607
ID_11,95,71.4829096934,34.6805169926
ID_11,96,78.1285220512,23.139231835
ID_11,97,78.789825254,25.5971933466
ID_11,98,77.7815467962,23.4472144745
ID_11,99,48.5306293681,34.1524500077
ID_11,100,65.5307814724,42.2810847015
ID_11,101,70.1180341426,36.4481847905
ID_11,102,70.4722626065,36.0880530553
ID_11,103,76.7911300701,28.0720081685
ID_11,104,72.4093545935,33.0392569664
ID_11,105,76.271299815,25.5695441452
ID_11,106,76.9532591384,27.7706107405
ID_11,107,75.1077300904,30.0169834157
ID_11,108,75.9692852004,29.0388653753
ID_11,109,75.2838870131,24.8747531721
ID_11,110,77.0522406385,27.9056390894
ID_11,111,42.8267563374,25.5569594065
ID_11,112,42.0806606852,24.9465264454
ID_11,113,39.8783046498,18.3249292157
ID_11,114,36.4754991726,17.7189477884
ID_11,115,37.1030736419,15.4456116477
ID_11,116,34.1489682077,13.5238698677
ID_11,117,37.5794219113,15.0158901333
ID_11,118,41.0643057894,12.2144689321
ID_11,119,42.195266147,20.9193721857
ID_11,120,36.6055782383,15.748875885
ID_11,121,39.4311612098,19.3238407541
ID_11,122,37.5620763361,11.9284457044
ID_11,123,34.2381100444,13.7131582305
ID_11,124,34.1409410386,4.57766135024
ID_11,125,36.6592676972,17.6819644553
ID_11,126,40.6437192795,20.2408613716
ID_11,127,36.7924815919,13.3921347304
ID_11,128,75.9483006427,22.7447959146
ID_11,129,76.8406924717,20.9185472197
ID_11,130,81.9504776395,19.8745582085
ID_11,131,81.6437056853,16.5917599845
ID_11,132,84.6102197758,14.2477619017
ID_11,133,84.1028794336,8.98065579006
ID_11,134,80.18002545,19.0888441297
ID_11,135,80.5732729943,8.36563890168
ID_11,136,79.0043268649,10.6281977654
ID_11,137,40.0481864651,24.2614879334
ID_11,138,34.7945935378,13.9696834611
ID_11,139,79.221764441,22.0945914837
ID_11,140,36.0308797708,93.1217332374
ID_11,141,34.4995583102,86.6099850511
ID_11,142,31.1068665551,89.4616352367
ID_12,1,51.2038911373,83.3397766053
ID_12,2,58.9744699018,85.499817612
ID_12,3,51.8720726696,85.8297376348
ID_12,4,48.1799307865,85.0451167372
ID_12,5,41.6832004024,84.0179406019
ID_12,6,37.8904155015,82.5674929978
ID_12,7,39.5489736947,80.812601774
ID_12,8,39.6495738769,82.6645338713
ID_12,9,34.7505970472,80.0110909897
ID_12,10,27.560835291,72.8478255927
ID_12,11,24.6355399754,71.6107148256
ID_12,12,20.9594648125,66.0414983826
ID_12,13,20.6891490538,62.7213052064
ID_12,14,19.2882047369,62.0630593582
ID_12,15,20.0245005746,61.3426238695
ID_12,16,35.4695229971,43.1158849517
ID_12,17,36.8943276507,47.7065559687
ID_12,18,39.0555497751,55.5469737131
ID_12,19,46.9570801494,65.2404073935
ID_12,20,37.3104527352,45.2587508999
ID_12,21,40.0096720019,60.9865825077
ID_12,22,48.0143866846,65.7128195934
ID_12,23,53.7037759268,66.3894820363
ID_12,24,63.0674998921,64.0350004581
ID_12,25,62.0480325076,63.8458632494
ID_12,26,59.8399667124,64.4767644437
ID_12,27,55.1609418175,65.2373081694
ID_12,28,61.2797865792,65.766402504
ID_12,29,60.8349175348,64.6037697063
ID_12,30,61.5205906458,64.7918550418
ID_12,31,36.916543863,41.0952474383
ID_12,32,38.5021996714,41.5671556174
ID_12,33,48.6643707344,30.6806668519
ID_12,34,50.2852524042,30.3379221051
ID_12,35,42.276332666,34.5276361236
ID_12,36,54.0317756204,29.6723483149
ID_12,37,37.3293552552,39.6020423074
ID_12,38,41.389522551,37.2960562328
ID_12,39,40.0746666572,34.6236852027
ID_12,40,35.3496806211,47.1410731332
ID_12,41,34.7637004189,47.6247999245
ID_12,42,37.0266294472,44.4622930512
ID_12,43,36.4555695327,40.791843032
ID_12,44,35.5376642131,48.7293868661
ID_12,45,20.4089478892,32.2030304205
ID_12,46,23.4957104659,25.3224681542
ID_12,47,29.5575433634,21.3647774591
ID_12,48,33.0082339121,15.9850714584
ID_12,49,53.9803991821,29.3509867092
ID_12,50,52.2343086004,29.711672986500002
ID_12,51,59.5030766063,30.6696739448
ID_12,52,41.1637810689,34.3157582514
ID_12,53,48.9930401201,32.0303588363
ID_12,54,59.2692803248,29.6407017654
ID_12,55,45.4691770035,33.8311927323
ID_12,56,62.6912665406,30.2903738312
ID_12,57,73.4286708654,48.5778551303
ID_12,58,70.846426107,52.282253331
ID_12,59,71.5390198495,45.5218061588
ID_12,60,67.6208658884,38.0065584658
ID_12,61,72.4709525633,51.1221348241
ID_12,62,64.8122375621,62.8109155873
ID_12,63,60.8536798727,65.4991470327
ID_12,64,67.7894961571,61.3637015467
ID_12,65,41.6095572691,83.8486865559
ID_12,66,53.0030253202,84.6747986012
ID_12,67,54.7141710591,84.0431280734
ID_12,68,44.2916687157,82.9094412144
ID_12,69,49.1917219555,85.8762291224
ID_12,70,53.1013817819,84.5476586881
ID_12,71,51.599848153,84.8198214898
ID_12,72,54.3797219484,84.2403555494
ID_12,73,46.4807681047,83.518211666
ID_12,74,53.174656268,84.2605679876
ID_12,75,45.272002941,85.2370794195
ID_12,76,36.03340215,53.371687755
ID_12,77,28.2711941653,72.840231257
ID_12,78,25.0548060847,71.5485979221
ID_12,79,64.7588870014,82.3152236405
ID_12,80,63.1445274767,85.2366963264
ID_12,81,50.4246786898,85.1747475891
ID_12,82,70.6449962629,82.4309187567
ID_12,83,63.1490490834,83.9468553485
ID_12,84,62.8240245172,84.9661859507
ID_12,85,70.236869515,82.1711510621
ID_12,86,70.0427352449,80.3850213547
ID_12,87,72.5706234458,80.9712184346
ID_12,88,75.1307160373,79.9840931403
ID_12,89,83.2939057345,70.7784317876
ID_12,90,79.6642622775,73.9323097157
ID_12,91,88.4321025254,64.6242470023
ID_12,92,89.1155590082,64.0015066388
ID_12,93,89.0921976305,57.768193047
ID_12,94,91.7260057727,52.6233532573
ID_12,95,91.7355387598,48.9702108877
ID_12,96,91.5078881747,53.3126520851
ID_12,97,88.239001904,31.4774348786
ID_12,98,88.5305192041,30.4760310098
ID_12,99,55.3651603364,30.4458502777
ID_12,100,62.5602588694,30.4471356661
ID_12,101,58.0066691227,30.2537212987
ID_12,102,55.0671179917,29.0115351997
ID_12,103,61.6147759612,29.9943911942
ID_12,104,68.5431435378,35.6578321706
ID_12,105,77.7061096487,20.3042601852
ID_12,106,68.4530459999,13.0355285908
ID_12,107,68.2572064402,12.3846391542
ID_12,108,70.2554746739,13.2503849689
ID_12,109,65.0443252778,11.0008414785
ID_12,110,60.0922466078,11.8721117093
ID_12,111,52.9920289667,9.90666848335
ID_12,112,50.1446289773,12.2115430946
ID_12,113,46.5086141932,11.2071344881
ID_12,114,43.8070319612,11.3189448865
ID_12,115,57.8178546865,10.9451424306
ID_12,116,50.9404926595,9.69154713447
ID_12,117,63.4973230835,11.9140691707
ID_12,118,50.0164829541,11.9338520864
ID_12,119,58.6367650809,11.9747210652
ID_12,120,54.7302890863,11.4128826732
ID_12,121,65.8755478023,11.7324363627
ID_12,122,57.0609827131,9.92056085444
ID_12,123,46.819907946,10.4946526804
ID_12,124,38.3593948725,13.431322624
ID_12,125,47.3154157773,12.853451784
ID_12,126,55.0519165396,11.9499886181
ID_12,127,50.5159602579,9.76559162187
ID_12,128,49.6774146514,10.3831325083
ID_12,129,67.2806595188,14.1286515323
ID_12,130,66.1730182606,12.0379170217
ID_12,131,61.0885441374,10.0845344144
ID_12,132,66.0530857731,13.3802260073
ID_12,133,72.6699892655,15.2342259409
ID_12,134,61.503472503,10.8284144754
ID_12,135,68.995028632,13.9943105293
ID_12,136,78.2499161658,17.8832409068
ID_12,137,36.4819805699,15.1627600944
ID_12,138,50.9677483784,29.6797742875
ID_12,139,91.1910536059,46.6743428399
ID_12,140,55.8637684939,85.3364867573
ID_12,141,49.2805947987,84.0488228306
ID_12,142,43.3685015447,84.3321772039
